-- MySQL dump 10.13  Distrib 8.0.44, for Win64 (x86_64)
--
-- Host: localhost    Database: bysj
-- ------------------------------------------------------
-- Server version	8.0.44

/*!40101 SET @OLD_CHARACTER_SET_CLIENT=@@CHARACTER_SET_CLIENT */;
/*!40101 SET @OLD_CHARACTER_SET_RESULTS=@@CHARACTER_SET_RESULTS */;
/*!40101 SET @OLD_COLLATION_CONNECTION=@@COLLATION_CONNECTION */;
/*!50503 SET NAMES utf8mb4 */;
/*!40103 SET @OLD_TIME_ZONE=@@TIME_ZONE */;
/*!40103 SET TIME_ZONE='+00:00' */;
/*!40014 SET @OLD_UNIQUE_CHECKS=@@UNIQUE_CHECKS, UNIQUE_CHECKS=0 */;
/*!40014 SET @OLD_FOREIGN_KEY_CHECKS=@@FOREIGN_KEY_CHECKS, FOREIGN_KEY_CHECKS=0 */;
/*!40101 SET @OLD_SQL_MODE=@@SQL_MODE, SQL_MODE='NO_AUTO_VALUE_ON_ZERO' */;
/*!40111 SET @OLD_SQL_NOTES=@@SQL_NOTES, SQL_NOTES=0 */;

--
-- Table structure for table `agent_debate_log`
--

DROP TABLE IF EXISTS `agent_debate_log`;
/*!40101 SET @saved_cs_client     = @@character_set_client */;
/*!50503 SET character_set_client = utf8mb4 */;
CREATE TABLE `agent_debate_log` (
  `log_id` bigint NOT NULL AUTO_INCREMENT,
  `session_id` varchar(36) NOT NULL COMMENT '对应 debate_session.session_id',
  `id_card` varchar(18) NOT NULL COMMENT '被审查人员身份证号',
  `debate_round` int NOT NULL COMMENT '辩论轮次',
  `agent_id` varchar(50) NOT NULL COMMENT 'Agent唯一标识',
  `agent_role` varchar(100) NOT NULL COMMENT 'Agent展示名称',
  `conclusion` varchar(20) NOT NULL COMMENT '该Agent本轮结论',
  `stance` varchar(20) NOT NULL COMMENT '该Agent本轮立场',
  `confidence` decimal(5,4) NOT NULL COMMENT '该Agent本轮置信度',
  `evidence_refs` longtext NOT NULL COMMENT '引用证据ID列表(JSON字符串)',
  `reasoning` text NOT NULL COMMENT '该Agent本轮推理文本',
  `dissent_points` longtext NOT NULL COMMENT '该Agent本轮异议点列表(JSON字符串)',
  `key_finding` text COMMENT '该Agent本轮关键发现',
  `round_majority_stance` varchar(20) NOT NULL COMMENT '该轮多数派立场',
  `round_consensus_rate` decimal(5,4) NOT NULL COMMENT '该轮共识率',
  `round_is_consensus_reached` tinyint(1) NOT NULL DEFAULT '0' COMMENT '该轮是否达成共识',
  `created_at` timestamp NULL DEFAULT CURRENT_TIMESTAMP COMMENT '持久化时间',
  PRIMARY KEY (`log_id`),
  KEY `idx_agent_debate_session` (`session_id`),
  KEY `idx_agent_debate_idcard` (`id_card`),
  KEY `idx_agent_debate_round` (`session_id`,`debate_round`),
  CONSTRAINT `fk_agent_debate_session` FOREIGN KEY (`session_id`) REFERENCES `debate_session` (`session_id`)
) ENGINE=InnoDB AUTO_INCREMENT=93 DEFAULT CHARSET=utf8mb4 COLLATE=utf8mb4_0900_ai_ci COMMENT='逐轮逐Agent辩论记录表';
/*!40101 SET character_set_client = @saved_cs_client */;

--
-- Dumping data for table `agent_debate_log`
--

LOCK TABLES `agent_debate_log` WRITE;
/*!40000 ALTER TABLE `agent_debate_log` DISABLE KEYS */;
INSERT INTO `agent_debate_log` VALUES (1,'sess-A-20260321-001','42090219800101000A',0,'agent_strict','严格合规Agent','符合','支持通过',0.9000,'[\"BASIC_001\",\"BASIC_002\"]','基础资格与灵活就业缴费记录一致。','[]','基础条件齐全','支持通过',1.0000,1,'2026-03-23 09:36:05'),(2,'sess-A-20260321-001','42090219800101000A',0,'agent_lenient','宽松业务Agent','符合','支持通过',0.8800,'[\"BASIC_001\",\"PAY_102\"]','当前画像符合稳定灵活就业状态。','[]','无明显排斥信号','支持通过',1.0000,1,'2026-03-23 09:36:05'),(3,'sess-A-20260321-001','42090219800101000A',0,'agent_auditor','审计挑战Agent','符合','支持通过',0.7600,'[\"BASIC_001\"]','虽需持续关注，但当前证据未见异常。','[]','证据链完整','支持通过',1.0000,1,'2026-03-23 09:36:05'),(4,'sess-D-20260321-001','42090219760310000D',0,'agent_strict','严格合规Agent','不符合','反对通过',0.9100,'[\"EMP_SYNC\"]','就业登记与单位缴费尚未完全衔接。','[]','存在就业状态争议','反对通过',0.6667,0,'2026-03-23 09:36:05'),(5,'sess-D-20260321-001','42090219760310000D',0,'agent_explorer','探索分析Agent','数据缺失','待定',0.5500,'[\"CHANGE_LOG\"]','需要结合变更日志观察身份切换时间。','[\"需要更多连续月份证据\"]','切换窗口存在灰区','反对通过',0.6667,0,'2026-03-23 09:36:05'),(6,'sess-D-20260321-001','42090219760310000D',0,'agent_auditor','审计挑战Agent','不符合','反对通过',0.8200,'[\"EMP_SYNC\",\"CHANGE_LOG\"]','当前证据不足以直接认定稳定困难状态。','[]','系统切换滞后带来风险','反对通过',0.6667,0,'2026-03-23 09:36:05'),(7,'sess-D-20260321-001','42090219760310000D',1,'agent_strict','严格合规Agent','不符合','反对通过',0.9300,'[\"EMP_SYNC\",\"CHANGE_LOG\"]','多数证据仍指向已进入单位就业轨道。','[]','单位就业迹象增强','反对通过',0.6667,0,'2026-03-23 09:36:05'),(8,'sess-D-20260321-001','42090219760310000D',1,'agent_explorer','探索分析Agent','符合','支持通过',0.6100,'[\"CHANGE_LOG\"]','若按变更生效前窗口理解，仍可短期视作困难状态。','[\"解释口径存在弹性\"]','窗口期解释空间','反对通过',0.6667,0,'2026-03-23 09:36:05'),(9,'sess-D-20260321-001','42090219760310000D',1,'agent_auditor','审计挑战Agent','不符合','反对通过',0.8400,'[\"EMP_SYNC\",\"CHANGE_LOG\"]','保存谨慎口径更稳妥。','[]','多数意见倾向不通过','反对通过',0.6667,0,'2026-03-23 09:36:05'),(10,'sess-I-20260321-001','42090219700505000I',0,'agent_strict','严格合规Agent','不符合','反对通过',0.9500,'[\"BASIC_LIFE\"]','死亡标记直接冲击基础资格。','[]','生命状态异常','待定',0.6667,0,'2026-03-23 09:36:05'),(11,'sess-I-20260321-001','42090219700505000I',0,'agent_explorer','探索分析Agent','数据缺失','待定',0.5800,'[\"BASIC_LIFE\",\"PAY_102\"]','死亡标记与后续缴费记录明显冲突。','[\"需要人工核验身份状态\"]','数据自相矛盾','待定',0.6667,0,'2026-03-23 09:36:05'),(12,'sess-I-20260321-001','42090219700505000I',0,'agent_auditor','审计挑战Agent','数据缺失','待定',0.7200,'[\"BASIC_LIFE\",\"SUBSIDY_LOG\"]','继续自动审批风险过高，应转人工。','[]','疑似异常领补','待定',0.6667,0,'2026-03-23 09:36:05'),(13,'67a08dca-5e71-41a7-a253-3ec62a35f27a','42090219760310000D',0,'agent_strict','严格合规Agent','不符合','反对通过',0.9500,'[\"BASIC_003\", \"BASIC_004\", \"BASIC_005\"]','依据核心规则摘要，基础条件必须全部满足，其中第3、4、5项明确要求有有效的灵活就业登记、失业登记及就业困难人员认定记录。证据BASIC_003、BASIC_004、BASIC_005显示这三项关键条件均为\'查无数据\'（no_data）。作为严格合规Agent，我认为\'无数据\'即代表\'条件未满足\'，不存在\'数据缺失\'的中间状态。既然基础条件缺失，申请人资格认定无法通过。','[\"对于排斥条件检查（EXCL_001-006）均为\'no_data\'的情况，虽未直接触发排斥，但并不代表申请人\'清白\'，仅代表当前数据不足以支撑排斥判定，不应因此放松对基础条件的审核。\"]','基础必要条件中，灵活就业登记、失业登记、就业困难认定三项核心证据均为\'查无数据\'，直接导致资格不符。','待定',0.6000,0,'2026-03-24 07:42:07'),(14,'67a08dca-5e71-41a7-a253-3ec62a35f27a','42090219760310000D',0,'agent_lenient','业务宽松Agent','数据缺失','待定',0.6500,'[\"BASIC_003\", \"BASIC_004\", \"BASIC_005\", \"EXCL_001\"]','虽然申请人满足生存状态、户籍要求（BASIC_001, BASIC_002）且未发现明确的工商注册排斥项（EXCL_001-006均为no_data），但核心基础条件存在严重缺失。依据核心规则，有效的灵活就业登记、失业登记及就业困难人员认定是资格认定的大门，目前证据BASIC_003、BASIC_004、BASIC_005均显示\'查无数据\'。作为经办视角，虽然排斥条件未触发是利好，但必要条件缺失无法直接通过，需补充核查关键身份记录。','[\"申请人已缴纳202602月灵活就业养老社保（EXCL_009），表明有实际参保意愿和行为，建议优先核查是否为系统录入滞后导致的基础数据缺失\", \"所有工商及股东查询均为no_data，从实操角度看属于\'清白\'状态，不应因此阻碍申请\"]','核心必要条件（灵活就业登记、失业登记、困难认定）均查无数据，导致资格认定缺乏基础支撑。','待定',0.6000,0,'2026-03-24 07:42:07'),(15,'67a08dca-5e71-41a7-a253-3ec62a35f27a','42090219760310000D',0,'agent_explorer','发散探索Agent','数据缺失','待定',0.4500,'[\"BASIC_003\", \"BASIC_004\", \"BASIC_005\", \"EXCL_001\", \"EXCL_008\", \"CALC_004\"]','已查证申请人赵争议为男性且未达退休年龄，户籍与生存状态均正常，且有1条灵活就业养老缴费记录。然而，核心的基础资格条件中，灵活就业登记记录[BASIC_003]、失业登记记录[BASIC_004]及就业困难人员认定[BASIC_005]均显示\'证据缺失\'，无法确认申请人是否具备申领资格的准入身份。此外，关键的排斥性检查如个体工商户身份[EXCL_001]、企业股东状态[EXCL_005]及医保单位缴费情况[EXCL_008]也处于无数据状态，存在重大审核盲区。','[\"申请人仅有202602这1个月的缴费记录，且当前系统日期为20260321，缴费连续性和稳定性存疑，需核实是否存在断缴风险\", \"就业困难人员认定类别缺失，无法判断其是否符合政策允许的类别范围，也无法确定精算规则中\'高校毕业生\'条款是否适用\", \"医保单位缴费记录[EXCL_008]缺失，无法排除申请人目前正处于全日制用工状态但仅自行缴纳养老保险的可能性\"]','申请人缺失\'就业困难人员认定\'这一核心准入证据，且多项排斥性检查无数据，无法判定资格。','待定',0.6000,0,'2026-03-24 07:42:07'),(16,'67a08dca-5e71-41a7-a253-3ec62a35f27a','42090219760310000D',0,'agent_empirical','经验归纳Agent','数据缺失','待定',0.9000,'[\"BASIC_003\", \"BASIC_004\", \"BASIC_005\", \"EXCL_008\"]','此案呈现出典型的【模式E：数据矛盾型】特征，虽然基础身份与户籍信息（BASIC_001, BASIC_002）完整，且有灵活就业社保缴费记录（EXCL_009），但核心业务链条证据全面缺失。申请人缺失失业登记（BASIC_004）、就业困难认定（BASIC_005）及灵活就业登记（BASIC_003）三项关键资质证明，无法构建\'失业-困难-灵活就业\'的标准合规模式（模式A）。同时，排斥条件中的工商记录与医保单位缴费记录（EXCL_008）均为查无数据，无法完全排除隐性欺诈（模式B）风险。经验表明，这种\'有缴费无业务流转数据\'的情况多见于系统数据同步滞后或跨部门数据未归集，必须人工介入核实。','[\"缺失就业困难人员认定（BASIC_005）是硬伤，若无此认定，即便缴费也属不符合政策范围\", \"医保缴费记录缺失（EXCL_008），无法排除申领期间已由单位缴纳职工医保的可能性\"]','核心业务链条三要素（失业登记、困难认定、灵活就业登记）证据全无，无法确认申请人的基础资格。','待定',0.6000,0,'2026-03-24 07:42:07'),(17,'67a08dca-5e71-41a7-a253-3ec62a35f27a','42090219760310000D',0,'agent_auditor','审计反驳Agent','不符合','反对通过',0.9500,'[\"BASIC_003\", \"BASIC_004\", \"BASIC_005\"]','依据核心规则摘要，基础条件必须全部满足且需要\'积极证据\'支撑。证据BASIC_003、BASIC_004、BASIC_005均显示\'查无数据\'，这意味着申请人缺失\'灵活就业登记\'、\'失业登记\'及\'就业困难人员认定\'三项必要资质。作为审计反驳Agent，我认为\'查无数据\'即代表该项条件未被证实满足，属于关键资质缺失，而非简单的数据问题。在缺乏这三项核心准入凭证的情况下，申请人的资格认定链条断裂，无法通过合规性审查。','[\"基础条件存在三项关键缺失（BASIC_003/004/005），无法证明申请人具备申领补贴的法定身份资质。\", \"排斥条件（EXCL_001-006）虽然显示\'查无数据\'，但这仅代表\'暂未发现违规记录\'，不能作为\'合规\'的充分依据，需警惕数据滞后风险。\", \"申请人仅有一条202602的缴费记录（CALC_004），时间点过于单一，存在突击缴费骗取补贴资格的嫌疑，建议核查其缴费连续性。\"]','申请人缺失灵活就业登记、失业登记及就业困难认定三项核心基础证据，不满足申领资格。','待定',0.6000,0,'2026-03-24 07:42:07'),(18,'67a08dca-5e71-41a7-a253-3ec62a35f27a','42090219760310000D',1,'agent_strict','严格合规Agent','不符合','反对通过',0.9500,'[\"BASIC_003\", \"BASIC_004\", \"BASIC_005\"]','依据核心规则摘要，基础条件必须全部满足且需有明确证据支撑。证据BASIC_003、BASIC_004、BASIC_005均显示\'查无数据\'，明确表明申请人缺失\'灵活就业登记\'、\'失业登记\'及\'就业困难人员认定\'三项法定必要资质。作为严格合规Agent，\'查无数据\'等同于条件未满足，不存在\'数据缺失\'的中间状态，必须直接判定为不符合。申请人虽有缴费记录(EXCL_009)，但无法弥补准入资格的硬性缺失，资格认定链条断裂。','[\"坚决反驳\'数据缺失\'的定性，政策执行不存在模糊空间，无证据即不合规。\", \"对其他Agent提出的\'系统录入滞后\'或\'有缴费意愿\'等理由不予认可，技术原因不能作为突破政策红线的借口。\", \"申请人仅有一条缴费记录，且缺失核心身份认定，存在突击办理嫌疑，必须严守准入关口。\"]','申请人缺失就业困难人员认定、失业登记及灵活就业登记三项核心基础资质证据，直接触发\'基础条件不满足\'条款。','待定',0.6000,0,'2026-03-24 07:42:07'),(19,'67a08dca-5e71-41a7-a253-3ec62a35f27a','42090219760310000D',1,'agent_lenient','业务宽松Agent','数据缺失','待定',0.6500,'[\"BASIC_003\", \"BASIC_004\", \"BASIC_005\", \"EXCL_009\", \"BASIC_001\"]','依据核心规则，申请人必须具备有效的就业困难人员认定、失业登记及灵活就业登记，目前证据BASIC_003、BASIC_004、BASIC_005均显示\'查无数据\'，属于关键资质链条断裂。从基层实操角度看，申请人已有202602月的灵活就业养老缴费记录（EXCL_009），且排斥条件均未触发，说明具备实质性就业意愿。但鉴于\'就业困难认定\'是申领补贴的法定门槛，缺失此项无法通过合规性审查。建议暂不判定为\'不符合\'，而是退回社区核实是否存在系统数据同步滞后或纸质档案未录入情况。','[\"反对\'严格合规Agent\'将\'数据缺失\'直接等同于\'条件不满足\'的机械化判断，这可能导致真正困难的群众因系统录入延迟而被拒。\", \"申请人仅有1个月缴费记录（202602），虽符合\'有记录\'的最低要求，但需核实后续是否持续缴费，避免\'突击缴费\'套取补贴风险。\"]','申请人具备灵活就业实质行为（已缴费），但缺失\'就业困难人员认定\'等三项关键准入资质数据，无法直接审批。','待定',0.6000,0,'2026-03-24 07:42:07'),(20,'67a08dca-5e71-41a7-a253-3ec62a35f27a','42090219760310000D',1,'agent_explorer','发散探索Agent','数据缺失','待定',0.7500,'[\"BASIC_003\", \"BASIC_004\", \"BASIC_005\", \"EXCL_009\", \"CALC_004\", \"EXCL_007\"]','已查证申请人满足生存与户籍条件（BASIC_001, BASIC_002），且有一条202602月的灵活就业养老缴费记录（EXCL_009）。然而，核心的基础业务链条证据全面缺失，灵活就业登记（BASIC_003）、失业登记（BASIC_004）、就业困难认定（BASIC_005）均显示\'查无数据\'，无法构建完整的资格认定闭环。更严重的是，申请人男性，1976年3月出生，2026年3月系统当前日期恰逢其50周岁（EXCL_007），处于法定退休年龄判定的敏感节点，需确认其是否存在特殊工种或干部身份导致的退休年龄差异。此外，仅有的1个月缴费记录（CALC_004）与缺失的登记记录之间存在时间线上的逻辑断裂。','[\"时间线异常：申请人仅缴纳了202602月这一个月的社保（CALC_004），且当前日期为20260321，这种\'单月缴费\'且紧邻申请期的情况，极有可能是为了骗取补贴资格而进行的突击缴费，缺乏长期从事灵活就业的真实性佐证。\", \"关键排斥项数据真空：EXCL_001至EXCL_006（工商个体、法人、股东）及EXCL_008（医保单位缴费）均为\'查无数据\'，这种大面积的数据空白在真实业务场景中属于异常\'干净\'，不能排除跨部门数据归集滞后或身份冒用的风险，需人工穿透核查。\", \"退休年龄边界风险：申请人性别为男，1976年3月10日出生，系统当前日期为2026年3月21日，意味着申请人本月刚满50周岁。虽然男性通常退休年龄为60岁，但需核实是否存在提前退休的特殊情形，否则精算规则中的\'距退休月数\'可能存在计算偏差。\"]','申请人存在\'有缴费无登记\'的数据割裂现象，且缴费月数仅为1个月，结合其刚满50周岁的时间节点，存在明显的突击参保与身份存疑风险。','待定',0.6000,0,'2026-03-24 07:42:07'),(21,'67a08dca-5e71-41a7-a253-3ec62a35f27a','42090219760310000D',1,'agent_empirical','经验归纳Agent','数据缺失','待定',0.8000,'[\"BASIC_003\", \"BASIC_004\", \"BASIC_005\", \"CALC_004\"]','此案呈现出典型的\'数据断层\'模式，与【模式E：数据矛盾型】高度相似。虽然申请人具备户籍和生存状态的基础锚点（BASIC_001/002），且有一条202602的灵活就业缴费记录（EXCL_009），但核心的\'三步走\'资质链条（失业登记BASIC_004、困难认定BASIC_005、灵活就业登记BASIC_003）全线处于\'查无数据\'状态。依据经验，这种\'有缴费无登记\'的现象通常暗示跨系统数据未同步或业务办理流程缺失，而非简单的\'合规\'。此外，仅凭单月缴费记录（CALC_004）难以判断其就业稳定性，存在突击缴费嫌疑。','[\"申请人仅有一笔202602的缴费记录，且系统日期为20260321，存在极大的\'断缴\'风险，不符合\'持续缴费\'的常规合规模式。\", \"核心资质（失业登记、困难认定）的全项缺失不能简单等同于\'无违规\'，这属于资格认定的\'真空地带\'，必须补正数据后方可判断。\"]','申请人处于\'有缴费行为无业务登记\'的异常状态，核心资质链条断裂，无法确认其准入资格。','待定',0.6000,0,'2026-03-24 07:42:07'),(22,'67a08dca-5e71-41a7-a253-3ec62a35f27a','42090219760310000D',1,'agent_auditor','审计反驳Agent','不符合','反对通过',0.9500,'[\"BASIC_003\", \"BASIC_004\", \"BASIC_005\"]','依据核心规则摘要，基础条件必须\'全部满足，缺任一即不符合\'。证据BASIC_003、BASIC_004、BASIC_005均显示\'查无数据\'，导致\'有有效的灵活就业登记\'、\'有有效的失业登记\'、\'有有效的就业困难人员认定\'这三项基础必要条件明确缺失。作为审计反驳Agent，我必须指出：合规需要\'积极证据\'，\'查无数据\'不等于\'条件满足\'，而是明确指向\'条件缺失\'。既然基础条件存在硬性缺失，申请人资格理应判定为\'不符合\'，而非模棱两可的\'数据缺失\'。','[\"业务宽松Agent提出的\'有缴费即代表有意愿\'属于典型的逻辑跳跃，缴费行为不能替代法定的登记与认定程序，不能作为豁免基础条件缺失的理由。\", \"发散探索Agent质疑的\'缴费连续性\'和\'医保单位缴纳\'虽有必要，但属于次要矛盾；当前主要矛盾是基础资质的全盘缺失，不应避重就轻。\", \"经验归纳Agent将其定义为\'数据矛盾型\'并建议人工介入，这在审计视角下是不可接受的行政成本浪费；规则明确\'缺任一即不符合\'，应直接驳回而非转入人工核查流程。\"]','申请人缺失失业登记、就业困难认定及灵活就业登记三项核心资质证据，触犯\'缺任一即不符合\'的硬性规则。','待定',0.6000,0,'2026-03-24 07:42:07'),(23,'67a08dca-5e71-41a7-a253-3ec62a35f27a','42090219760310000D',2,'agent_strict','严格合规Agent','不符合','反对通过',0.9500,'[\"BASIC_003\", \"BASIC_004\", \"BASIC_005\"]','依据核心规则摘要，基础条件必须\'全部满足，缺任一即不符合\'。证据BASIC_003、BASIC_004、BASIC_005均显示\'查无数据\'，导致\'有有效的灵活就业登记\'、\'有有效的失业登记\'、\'有有效的就业困难人员认定\'这三项基础必要条件明确缺失。作为严格合规Agent，我必须指出：合规需要\'积极证据\'，\'查无数据\'不等于\'条件满足\'，而是明确指向\'条件缺失\'。既然基础条件存在硬性缺失，申请人资格理应判定为\'不符合\'，而非模棱两可的\'数据缺失\'。','[\"坚决反驳业务宽松Agent关于\'数据缺失\'不等于\'条件不满足\'的观点，在行政审批中，无法提供有效证明材料即视为条件不满足，这是政策执行的底线。\", \"驳回\'退回社区核实\'的建议，系统数据标识无效或查无数据即为无效状态，不应将数据维护责任转嫁给审批流程，必须严格按系统现状判定。\", \"对于发散探索Agent提出的\'退休年龄边界风险\'，虽然申请人刚满50岁，但男性法定退休年龄为60岁，距离退休尚有10年，不存在规则模糊地带，不应以此为由模糊化核心条件的缺失。\"]','核心资质链条（灵活就业登记、失业登记、就业困难认定）全线缺失，触发基础条件\'缺一即不符合\'的硬性规则，直接导致资格认定失败。','待定',0.6000,0,'2026-03-24 07:42:07'),(24,'67a08dca-5e71-41a7-a253-3ec62a35f27a','42090219760310000D',2,'agent_lenient','业务宽松Agent','数据缺失','待定',0.6500,'[\"BASIC_003\", \"BASIC_004\", \"BASIC_005\", \"EXCL_009\", \"EXCL_001\"]','申请人赵争议满足生存状态、户籍等基础硬件条件（BASIC_001/002），且关键排斥项（工商登记、股东记录等）均为\'查无数据\'，从实操角度看属于\'无违规记录\'的利好情形。申请人已缴纳202602月灵活就业养老保险（EXCL_009），证明其有真实就业意愿及实际参保行为。然而，核心业务链条中的灵活就业登记（BASIC_003）、失业登记（BASIC_004）及就业困难认定（BASIC_005）均显示\'查无数据\'，这通常是由于跨部门数据同步滞后或系统录入延迟导致，不应直接等同于\'条件缺失\'。鉴于申请人刚满50岁（CALC_003），处于退休年龄判定的敏感节点，且仅有单月缴费记录，需进一步核实其岗位性质及登记档案。','[\"反对\'查无数据即不符合\'的机械判定，数据系统常有1-2个月的同步滞后，申请人已有实际缴费行为（EXCL_009），应视为实质条件正在达成，建议人工核查线下档案而非直接驳回。\", \"申请人男性刚满50周岁（CALC_003），需核实其是否属于特殊工种或管理岗位，若按55岁退休计算则距退休尚有5年，符合补贴申领的时间跨度要求。\"]','申请人已实际缴纳灵活就业社保且无任何工商股东排斥记录，但核心登记数据全项缺失，属于典型的\'有实无据\'，需转入人工核实线下档案。','待定',0.6000,0,'2026-03-24 07:42:07'),(25,'67a08dca-5e71-41a7-a253-3ec62a35f27a','42090219760310000D',2,'agent_explorer','发散探索Agent','数据缺失','待定',0.6500,'[\"BASIC_003\", \"BASIC_004\", \"BASIC_005\", \"EXCL_001\", \"CALC_004\"]','已查证申请人户籍与生存状态正常[BASIC_001/002]，且有一条202602月的灵活就业养老缴费记录[EXCL_009]。然而，核心的就业困难人员认定、失业登记及灵活就业登记三项关键资质证据均显示\'查无数据\'[BASIC_003/004/005]，导致资格认定链条断裂。我特别注意到排斥条件中的工商身份核查也处于\'证据缺失\'状态[EXCL_001-006]，这意味着不能简单认定\'无违规\'。此外，仅有单月缴费记录[CALC_004]且查询时点为20260321，存在极大的\'突击缴费\'或\'断缴\'风险，数据完整性严重不足。','[\"排斥条件核查中，工商登记信息（个体户、企业法人、股东）全项缺失[EXCL_001-006]，这是潜在的\'隐性违规\'风险点，不能因\'查无数据\'就默认为\'无工商身份\'，必须补查。\", \"缴费记录存在\'孤证\'风险：系统当前日期为20260321，仅查到202602单月缴费[EXCL_009]，若申请人3月未缴费，则不符合\'持续缴费\'的常规逻辑，存在为申领补贴而突击补缴的嫌疑。\", \"医保缴纳状态缺失[EXCL_008]是重大漏洞，若申请人申领期间医保由单位缴纳，将直接触发排斥条件，此关键数据的缺失使得\'无单位就业\'的假设站不住脚。\", \"其他Agent争论的焦点在于\'无数据是否等于不符合\'，但我认为更应关注\'有缴费无登记\'这一异常现象背后的真实原因，是否存在跨系统数据不同步或违规补办手续的情况。\"]','核心排斥条件（工商身份、医保缴纳状态）与核心准入条件（就业困难认定、失业登记）同时出现大面积数据缺失，且仅有单月缴费记录，无法构建完整的合规证据链。','待定',0.6000,0,'2026-03-24 07:42:07'),(26,'67a08dca-5e71-41a7-a253-3ec62a35f27a','42090219760310000D',2,'agent_empirical','经验归纳Agent','数据缺失','待定',0.8000,'[\"BASIC_003\", \"BASIC_004\", \"BASIC_005\", \"EXCL_009\", \"CALC_004\"]','此案呈现出典型的【模式E：数据矛盾型】特征，而非简单的\'不符合\'。虽然申请人缺失失业登记、就业困难认定等核心资质证据（BASIC_003至BASIC_005），看似符合\'不符合\'判定，但申请人已有一条明确的灵活就业养老缴费记录（EXCL_009, CALC_004）。依据经验，若无前置的就业困难认定，系统逻辑上不应允许以灵活就业身份参保并产生缴费记录，这种\'有缴费无登记\'的现象强烈暗示了跨部门数据同步滞后或系统录入延迟。此外，申请人当前正处于50周岁生日当月（EXCL_007），身份状态敏感，简单驳回可能引发行政争议。因此，本案属于关键证据链断裂但存在实质性业务留痕的复杂情况，必须人工介入核实。','[\"反对\'严格合规Agent\'与\'审计反驳Agent\'将\'查无数据\'直接等同于\'条件缺失\'的机械化判断，忽略了已产生的缴费记录（EXCL_009）所隐含的潜在资格逻辑，这种判断在数据归集滞后的现实场景中极易造成误判。\", \"对\'发散探索Agent\'提出的\'突击缴费骗保\'风险表示认可，仅1个月的缴费记录（CALC_004）确实存在套取补贴嫌疑，需重点核查其缴费动机及后续是否持续。\", \"补充质疑：申请人刚满50周岁（男性），需人工确认其是否存在特殊工种或干部身份导致的退休年龄差异，这将直接影响精算规则中的\'距退休月数\'计算。\"]','申请人\'有灵活就业缴费记录但无就业困难认定\'，呈现出典型的系统数据不同步矛盾，需人工核实是否存在档案滞后。','待定',0.6000,0,'2026-03-24 07:42:07'),(27,'67a08dca-5e71-41a7-a253-3ec62a35f27a','42090219760310000D',2,'agent_auditor','审计反驳Agent','不符合','反对通过',0.8500,'[\"BASIC_003\", \"BASIC_004\", \"BASIC_005\", \"EXCL_009\", \"CALC_004\"]','依据核心规则，基础条件必须\'全部满足\'且需有\'积极证据\'支撑。证据BASIC_003、BASIC_004、BASIC_005均显示\'查无数据\'，这意味着申请人缺失\'灵活就业登记\'、\'失业登记\'及\'就业困难人员认定\'三项法定必要资质，属于明确的条件缺失而非简单的数据不全。作为审计反驳Agent，我坚决反对将\'查无数据\'解读为中性状态，在资格认定中，无记录即未办理，必须判定为不合规。此外，申请人仅有一条202602月的缴费记录（CALC_004），且系统日期为20260321，这种\'单月缴费\'紧邻申请期的行为具有极高的\'突击缴费\'套取补贴嫌疑，不符合社保补贴旨在帮扶长期困难人员的政策初衷。','[\"反驳\'数据缺失\'定性：BASIC_003/004/005三项核心资质均为\'查无数据\'，这是明确的\'不满足条件\'，而非模糊的\'待定\'。将此判定为\'数据缺失\'会开启极大的合规漏洞，允许无资质人员进入申领流程。\", \"质疑\'突击缴费\'风险：申请人仅缴纳了202602这一个月的社保（CALC_004），缺乏长期从事灵活就业的真实性佐证。这种\'刚缴费即申领\'的行为模式在其他Agent的推理中被轻描淡写，但实际上是典型的欺诈特征。\", \"警惕排斥条件的\'数据真空\'：EXCL_001至EXCL_006均为\'查无数据\'，这种\'过于干净\'的记录反而值得警惕。\'未发现\'不等于\'不存在\'，在核心准入条件已明确缺失的情况下，无需再对排斥条件抱有侥幸心理。\"]','申请人缺失就业困难认定、失业登记、灵活就业登记三项核心法定资质，且仅有的单月缴费记录存在明显的突击套取补贴嫌疑。','待定',0.6000,0,'2026-03-24 07:42:07'),(28,'e1097bae-4939-4d64-ad34-d1ec001ce10a','42090219760310000D',0,'agent_strict','严格合规Agent','不符合','待定',0.9000,'[]','依据政策条文，基础条件必须全部有明确满足的证据。现有证据显示：1. 基础条件[BASIC_003]灵活就业登记、[BASIC_004]失业登记、[BASIC_005]就业困难人员认定均显示\'未查到数据\'（exec_status=no_data），属于核心申请资格缺失，直接判定不符合。2. 排斥条件[EXCL_007]显示申请人男性，出生日期1976-03-10，至当前已满49周岁，虽未达60岁退休年龄，但无证据支持其符合\'就业困难人员\'这一前置门槛。3. 证据链中大量关键字段缺失（如工商登记、医保记录等），无法形成合规闭环。根据\'no_data即未满足\'原则，判定不符合。','[]','','待定',1.0000,1,'2026-03-24 11:30:35'),(29,'e1097bae-4939-4d64-ad34-d1ec001ce10a','42090219760310000D',0,'agent_lenient','业务宽松Agent','数据缺失','待定',0.6500,'[]','','[]','','待定',1.0000,1,'2026-03-24 11:30:35'),(30,'e1097bae-4939-4d64-ad34-d1ec001ce10a','42090219760310000D',0,'agent_explorer','发散探索Agent','不符合','待定',0.7500,'[]','1. 【已查证的】申请人身份信息清晰，户籍符合要求，社保缴费基数4000元看似正常，且系统显示历史补贴月数为0，表面看似符合申领初步条件。\n2. 【尚未核实的】这是本案例最大的风险点。申请人是否具备\'就业困难人员\'身份是申领补贴的核心前提，但证据显示[BASIC_003]、[BASIC_004]、[BASIC_005]均为\'未查到数据\'。这意味着申请人可能根本未进行失业登记或就业困难认定，或者数据未同步。\n3. 【存在疑点的】工商核查的6项证据全部缺失。作为\'发散探索者\'，我认为这不仅仅是\'无记录\'，而是\'数据盲区\'。无法排除申请人名下是否存在未注销的个体工商户或企业股东身份，这直接构成排斥条件。此外，医保单位缴纳记录缺失，无法排除其是否存在隐形就业。','[\"核心资格证据链断裂：证据[BASIC_005]显示就业困难人员认定记录缺失。若无此认定，申请人不具备申领补贴的主体资格，其他社保缴费证据再多也无意义。\", \"排斥条件无法排除：证据[EXCL_001]至[EXCL_006]关于工商登记的信息全面缺失。在无法确认申请人不是个体工商户或企业法人的情况下，直接通过审核存在极大的合规风险。\", \"就业状态自相矛盾的风险：证据[BASIC_003]显示无灵活就业登记记录。申请人正在缴纳灵活就业社保，却无对应的就业登记，存在\'缴费事实\'与\'登记事实\'不一致的异常，可能暗示代办代办或数据录入错误。\"]','','待定',1.0000,1,'2026-03-24 11:30:35'),(31,'e1097bae-4939-4d64-ad34-d1ec001ce10a','42090219760310000D',0,'agent_empirical','经验归纳Agent','数据缺失','待定',0.4000,'[]','此案呈现出典型的【模式E：数据矛盾型】特征，但矛盾点在于\'系统性缺失\'而非\'数据冲突\'。申请人赵争议（男，1976年生）虽已产生202602月的灵活就业养老缴费记录（110类型，102状态），且户籍、身份信息有效，符合\'形式上的申请动作\'。然而，依据【模式A：标准合规型】的审核经验，\'失业登记\'、\'就业困难认定\'、\'灵活就业登记\'是补贴申请的\'三驾马车\'，缺一不可。本案中这三项关键前置条件均为\'证据缺失\'（未查到数据），导致无法确认其申请资格的合法性。此外，工商登记、医保状态等排斥性检查也全线缺失。这种\'有缴费无身份\'的状态，在经验中通常指向跨部门数据同步滞后、业务档案电子化缺失或申请人未完成全套认定手续。由于缺乏核心定性证据，无法进行模式匹配，必须建议人工介入核查原始档案。','[]','','待定',1.0000,1,'2026-03-24 11:30:35'),(32,'e1097bae-4939-4d64-ad34-d1ec001ce10a','42090219760310000D',0,'agent_auditor','审计反驳Agent','数据缺失','待定',0.1000,'[]','LLM 输出解析失败，原始片段: ```json\n{\n  \"agent_role\": \"审计反驳Agent\",\n  \"final_decision\": \"不符合\",\n  \"confidence\": 0.85,\n  \"reasoning\": \"作为审计反驳Agent，我认为该','[\"LLM 输出不是有效 JSON\"]','解析失败','待定',1.0000,1,'2026-03-24 11:30:35'),(33,'769869f1-37e4-4706-968d-99f76f036983','42090219780815000E',0,'agent_strict','严格合规Agent','数据缺失','待定',0.9500,'[]','','[]','','待定',1.0000,1,'2026-03-24 14:04:42'),(34,'769869f1-37e4-4706-968d-99f76f036983','42090219780815000E',0,'agent_lenient','业务宽松Agent','数据缺失','待定',0.6500,'[]','申请人陈灰色（女，1978-08-15）已满46周岁，属于\'大龄失业人员\'困难群体，且户籍、失业登记、灵活就业登记、社保缴费记录等核心条件均满足。但存在关键排斥条件冲突：person表显示其工商身份为\'个体工商户\'（EXCL_001），而工商库查询未发现有效登记记录（EXCL_002）。依据\'数据系统同步滞后\'及\'个体工商户当月注销后应视为不再是个体工商户\'的实操准则，person表的历史标记可能未及时更新。鉴于失业登记原因明确为\'个体经营停业\'（2025-01-05），且已进行灵活就业登记（2025-03-01），倾向于认定其已不再经营。但因此项涉及核心排斥条件的数据冲突（\'有\'与\'无\'并存），为规避经办风险，建议人工核实其个体工商户注销证明或实际经营状态，而非直接通过或驳回。','[]','','待定',1.0000,1,'2026-03-24 14:04:42'),(35,'769869f1-37e4-4706-968d-99f76f036983','42090219780815000E',0,'agent_explorer','发散探索Agent','数据缺失','待定',0.8500,'[]','已查证信息：申请人陈灰色（女，1978-08-15）户籍符合要求，已进行就业困难人员认定（大龄失业人员），并有灵活就业登记。社保缴费记录显示202601-202602已缴费。存在疑点/矛盾：核心矛盾在于[card_EXCL_001]明确判定申请人工商身份为\'个体工商户\'，且结论为\'反对通过\'，这直接触犯了补贴申领的排斥条款。数据缺失与逻辑断裂：虽然[card_EXCL_002]显示工商库未查到有效个体工商户法人记录，但这与[card_EXCL_001]的person表身份判定形成数据冲突，需核实是否为\'已注销\'但person表未更新状态。时间线异常：失业登记原因为\'个体经营停业\'（2025-01），这佐证了其曾经拥有个体工商户身份，但\'停业\'不等于\'注销\'，若工商登记未注销，仍属于排斥范围。医保数据缺失：[card_EXCL_008]缺失申领期间医保单位缴纳记录，无法排除隐性就业风险。','[\"核心排斥风险：[card_EXCL_001]证据明确显示person表中business_role=\'个体工商户\'，且判定结果为\'反对通过\'。虽然[card_EXCL_002]未查到工商库有效记录，但person表的身份标记通常具有滞后性或来源于历史数据，不能简单因\'未查到\'而忽略\'已标记\'的风险。需重点核查该个体工商户是否已办理注销登记，而非仅仅查询\'有效\'状态。\", \"失业原因与身份的自相矛盾：[card_BASIC_004]显示失业原因为\'个体经营停业\'，这直接印证了申请人曾从事个体经营。根据政策逻辑，\'个体工商户\'属于补贴排斥对象。\'停业\'（2025-01）与申请补贴时间（2025-03）间隔极短，存在\'名停实存\'或\'未注销\'的嫌疑，不符合灵活就业人员\'无雇主、非个体\'的隐性前提。\", \"数据一致性与隐性就业风险：[card_EXCL_001]与[card_EXCL_002]存在明显的数据不一致（Person表有身份 vs 工商库无记录）。这种矛盾往往暗示了数据更新不及时或跨部门数据未同步，属于高风险信号。此外，[card_EXCL_008]医保缴纳记录缺失（no_data），在仅有养老缴费记录的情况下，无法形成完整的灵活就业社保闭环验证，存在隐瞒单位就业（仅缴养老不缴医保或数据未同步）的可能性。\"]','','待定',1.0000,1,'2026-03-24 14:04:42'),(36,'769869f1-37e4-4706-968d-99f76f036983','42090219780815000E',0,'agent_empirical','经验归纳Agent','数据缺失','待定',0.8500,'[]','此案呈现出典型的【模式E：数据矛盾型】特征，核心矛盾在于关键排斥项证据的冲突。一方面，Person表（card_EXCL_001）明确标记申请人工商身份为\'个体工商户\'，这是一个强排斥信号，直接导向\'不符合\'的结论；但另一方面，工商库全量查询（card_EXCL_002至EXCL_006）却反馈\'未查到数据\'，形成了\'有身份无实况\'的数据断层。根据经验，Person表的标记可能源于历史数据清洗滞后或跨部门数据同步错误，而工商库的空查可能意味着执照已注销或系统未覆盖。这种核心排斥证据的不一致导致无法准确归类为【模式A】或【模式B】。此外，申请人属于【模式D：临界退休型】（47岁女性，距退休约3年），且失业登记原因明确为\'个体经营停业\'，这与Person表标记相互印证，增加了身份存疑的复杂性。鉴于核心排斥条件存在无法自洽的矛盾，必须建议人工介入核查工商底档，以确认为历史数据残留还是隐性欺诈。','[]','','待定',1.0000,1,'2026-03-24 14:04:42'),(37,'769869f1-37e4-4706-968d-99f76f036983','42090219780815000E',0,'agent_auditor','审计反驳Agent','数据缺失','待定',0.1000,'[]','LLM 输出解析失败，原始片段: ```json\n{\n  \"agent_id\": \"audit_rebuttal_agent\",\n  \"conclusion\": \"不符合\",\n  \"confidence\": 0.95,\n  \"reasoning\": \"作为审计反驳Agent','[\"LLM 输出不是有效 JSON\"]','解析失败','待定',1.0000,1,'2026-03-24 14:04:42'),(38,'020a1444-8113-43c9-9c22-f3f5f98de7b3','42090219780815000E',0,'agent_strict','严格合规Agent','不符合','待定',0.9500,'[]','依据政策条文刚性约束，申请人触发排斥条件。证据 [card_EXCL_SHAREHOLDER] 明确显示申请人存在‘个体工商户’工商主体身份，且被标记为排除项。根据‘排斥条件只要有一条被触发，立即判不符合’的原则，无论其他条件是否满足，该申请直接否决。此外，基础条件中 [card_EXCL_UNIT_INSURANCE]、[card_INFER_FISCAL_SUPPORT] 显示‘no_data’，[card_CALC_HISTORY_MONTHS] 显示系统异常，均视为条件未满足或无法证实，进一步佐证不符合结论。','[]','','待定',1.0000,1,'2026-03-24 14:13:33'),(39,'020a1444-8113-43c9-9c22-f3f5f98de7b3','42090219780815000E',0,'agent_lenient','业务宽松Agent','数据缺失','待定',0.7000,'[]','基于业务宽松视角分析：1. 基础条件方面，申请人具有\'大龄失业人员\'认定类别且生命状态正常，符合政策帮扶初衷。2. 排斥条件方面，虽然证据显示存在\'个体工商户\'记录，但根据实操经验，需进一步核实该主体状态是否为\'注销\'。若已注销，不应视为排斥；若为有效状态则需驳回。鉴于证据概览中该排斥项被标记为\'支持通过\'，我倾向于认可该排斥项未生效（或已注销）。3. 其他排斥项（单位参保、财政供养）均为\'no_data\'，按照\'没有触发即支持通过\'的原则，不构成阻碍。4. 历史月份核算虽报错，属于技术性问题，不应阻碍资格认定。综上，在核心困难认定真实且无明确有效排斥线索的情况下，倾向于认定符合资格，但保留对工商状态的核验建议。','[]','','待定',1.0000,1,'2026-03-24 14:13:33'),(40,'020a1444-8113-43c9-9c22-f3f5f98de7b3','42090219780815000E',0,'agent_explorer','发散探索Agent','数据缺失','待定',0.6500,'[]','已查证的证据显示申请人具有\'大龄失业人员\'身份且状态正常，但存在明确的\'个体工商户\'排除标记，这一点与其他支持通过的证据形成潜在冲突。更重要的是，有三项关键证据处于缺失或异常状态，导致无法完成完整的合规性闭环。特别是\'单位参保情况\'和\'历史领取月数\'的缺失，直接影响了补贴资格的核心判定。作为问题发现者，我认为现有的\'支持通过\'证据链条过于脆弱，无法覆盖潜在的合规风险。','[\"【证据冲突与误判风险】已查实的[card_EXCL_SHAREHOLDER]显示申请人存在\'个体工商户\'身份且被标记为\'是\'排除项，这与最终\'支持通过\'的倾向存在直接矛盾。需核实该个体工商户是否处于正常经营状态，若正常经营，则直接否定灵活就业社保补贴资格。\", \"【核心数据缺失】[card_EXCL_UNIT_INSURANCE]状态为\'no_data\'，这是典型的\'遗漏\'而非\'无记录\'。无法排除申请人在申请期间是否存在隐性单位就业并缴纳医保的情况，这直接关系到\'灵活就业\'身份的真实性。\", \"【系统异常掩盖风险】[card_CALC_HISTORY_MONTHS]报错\'Object of type Decimal is not JSON serializable\'，这不仅是技术故障，更意味着无法核算其历史已享受补贴月数。存在申请人已超补贴限额（如满36个月）但仍尝试申请的风险，必须修复数据接口后重试。\", \"【财政供养盲区】[card_INFER_FISCAL_SUPPORT]数据缺失，未能排除申请人是否为编制外财政供养人员或公益性岗位安置人员，此类人员通常不属于灵活就业社保补贴范围。\"]','','待定',1.0000,1,'2026-03-24 14:13:33'),(41,'020a1444-8113-43c9-9c22-f3f5f98de7b3','42090219780815000E',0,'agent_empirical','经验归纳Agent','数据缺失','待定',0.8500,'[]','此案呈现出典型的【模式B：隐性欺诈型】特征，但存在数据缺失的干扰。申请人虽然通过了就业困难认定（大龄失业人员）和生存状态核验，但在关键的排斥性条件核验中，证据明确显示其存在‘个体工商户’的工商主体身份，且已被标记为‘是’排除项。根据经验，这属于典型的‘纸面失业、实际经营’的隐性欺诈模式，通常会导致资格直接否决。尽管‘单位缴纳医保’和‘财政供养’两项证据缺失，但这不影响对已查实的工商排斥项的判断。精算模块的异常（Decimal序列化失败）虽属于技术问题，但在欺诈模式已确立的情况下，属于次要矛盾。综合判断，已查实的排斥项权重远大于缺失的辅助证据。','[]','','待定',1.0000,1,'2026-03-24 14:13:33'),(42,'020a1444-8113-43c9-9c22-f3f5f98de7b3','42090219780815000E',0,'agent_auditor','审计反驳Agent','数据缺失','待定',0.1000,'[]','LLM 输出解析失败，原始片段: ```json\n{\n  \"agent_name\": \"审计反驳Agent\",\n  \"final_conclusion\": \"不符合\",\n  \"confidence\": 0.95,\n  \"reasoning\": \"作为审计反驳Agent，我必','[\"LLM 输出不是有效 JSON\"]','解析失败','待定',1.0000,1,'2026-03-24 14:13:33'),(43,'16103908-1902-416f-8138-0fdca4c61537','42090219700505000I',0,'agent_strict','严格合规Agent','不符合','待定',0.9000,'[]','','[]','','待定',1.0000,1,'2026-03-24 16:11:41'),(44,'16103908-1902-416f-8138-0fdca4c61537','42090219700505000I',0,'agent_lenient','业务宽松Agent','数据缺失','待定',0.6500,'[]','','[]','','待定',1.0000,1,'2026-03-24 16:11:41'),(45,'16103908-1902-416f-8138-0fdca4c61537','42090219700505000I',0,'agent_explorer','发散探索Agent','不符合','待定',0.7500,'[]','作为发散探索Agent，我认为当前的证据链存在严重的断裂和系统性风险，无法支撑资格认定。具体分析如下：\n\n1. **已查证信息**：仅确认申请人持有“大龄失业人员”的就业困难认定类别，这是唯一的正面证据。\n\n2. **存在严重缺失的关键证据**：\n- **生存状态未知**：[card_BASIC_PERSON_ACTIVE] 返回空记录。若申请人已死亡或户籍已迁出，则根本不具备申领资格，此为基础准入红线。\n- **单位参保情况未知**：[card_EXCL_UNIT_INSURANCE] 数据缺失。灵活就业补贴的核心排他条件是“无单位参保”，缺失此证据无法判断是否存在隐性就业。\n- **财政供养情况未知**：[card_INFER_FISCAL_SUPPORT] 数据缺失。无法排除申请人是否为体制内退休或财政供养人员。\n\n3. **系统性与逻辑疑点**：\n- **系统拦截异常**：[card_EXCL_SHAREHOLDER] 和 [card_CALC_HISTORY_MONTHS] 均报错（超时、序列化失败）。这种技术性故障通常暗示底层数据存在复杂关联（如股东信息关联过多导致超时）或数据质量缺陷。\n- **“完美”申请人的陷阱**：仅凭一项“就业困难认定”就试图通过审批，恰恰符合“证据过于单一”的风险特征。在缺乏生存验证和排他性审查的情况下，单一正面证据不足以采信。','[\"基础生存状态验证缺失：[card_BASIC_PERSON_ACTIVE] 显示无数据。必须优先排除申请人已死亡或状态异常的可能性，否则后续所有审核均无意义。\", \"隐性就业风险未排除：[card_EXCL_UNIT_INSURANCE] 数据缺失。申请人极可能存在未申报的单位就业或社保缴纳记录，这直接违反灵活就业补贴的排他性规定。\", \"系统异常背后的数据隐患：[card_CALC_HISTORY_MONTHS] 出现 \'Decimal is not JSON serializable\' 错误，这表明后台数据精度或格式存在异常，可能导致补贴金额核算错误或历史领取记录被掩盖。\", \"工商股东身份核查中断：[card_EXCL_SHAREHOLDER] 查询超时。在灵活就业认定中，拥有经营性实体是典型的排除项，系统未能穿透核查，留下了违规领取补贴的重大隐患。\"]','','待定',1.0000,1,'2026-03-24 16:11:41'),(46,'16103908-1902-416f-8138-0fdca4c61537','42090219700505000I',0,'agent_empirical','经验归纳Agent','数据缺失','待定',0.4000,'[]','此案呈现出典型的【模式E：数据矛盾/系统异常型】特征。虽然申请人持有有效的\'大龄失业人员\'认定（符合标准合规型的一个节点），但后续的关键核验环节出现大面积系统瘫痪：工商股东查询超时、精算逻辑报错、基础状态与参保记录查无数据。在审核经验中，当排除性风险（工商、单位参保）无法查证，且基础生存状态都无法确认时，无法将其归类为合规或欺诈。这属于严重的系统数据质量问题或接口异常，必须修复底层接口数据后方可判断。因此，经验上判定为\'数据缺失\'，建议人工介入进行系统排查。','[]','','待定',1.0000,1,'2026-03-24 16:11:41'),(47,'16103908-1902-416f-8138-0fdca4c61537','42090219700505000I',0,'agent_auditor','审计反驳Agent','数据缺失','待定',0.1000,'[]','LLM 输出解析失败，原始片段: ```json\n{\n  \"agent_id\": \"audit_refutation_agent\",\n  \"debate_round\": 0,\n  \"final_decision\": \"不符合\",\n  \"confidence\": 0.85,\n','[\"LLM 输出不是有效 JSON\"]','解析失败','待定',1.0000,1,'2026-03-24 16:11:41'),(48,'c9c117ee-4ac6-4c25-99a4-0ca2cf07d2a5','42090219850505000B',0,'agent_strict','严格合规Agent','数据缺失','待定',0.0000,'[]','系统错误导致判断失败: Connection error.','[]','系统调度异常','待定',1.0000,1,'2026-03-24 16:56:51'),(49,'c9c117ee-4ac6-4c25-99a4-0ca2cf07d2a5','42090219850505000B',0,'agent_lenient','业务宽松Agent','数据缺失','待定',0.0000,'[]','系统错误导致判断失败: Connection error.','[]','系统调度异常','待定',1.0000,1,'2026-03-24 16:56:51'),(50,'c9c117ee-4ac6-4c25-99a4-0ca2cf07d2a5','42090219850505000B',0,'agent_explorer','发散探索Agent','数据缺失','待定',0.0000,'[]','系统错误导致判断失败: Request timed out.','[]','系统调度异常','待定',1.0000,1,'2026-03-24 16:56:51'),(51,'c9c117ee-4ac6-4c25-99a4-0ca2cf07d2a5','42090219850505000B',0,'agent_empirical','经验归纳Agent','数据缺失','待定',0.0000,'[]','系统错误导致判断失败: Connection error.','[]','系统调度异常','待定',1.0000,1,'2026-03-24 16:56:51'),(52,'c9c117ee-4ac6-4c25-99a4-0ca2cf07d2a5','42090219850505000B',0,'agent_auditor','审计反驳Agent','数据缺失','待定',0.0000,'[]','系统错误导致判断失败: Connection error.','[]','系统调度异常','待定',1.0000,1,'2026-03-24 16:56:51'),(53,'ab49e030-36c0-446e-a1c0-86c8d84a2f61','42090219760310000D',0,'agent_strict','严格合规Agent','不符合','待定',0.9000,'[]','依据政策条文，灵活就业社保补贴资格认定要求基础条件必须全部有明确满足的证据。现有证据显示：\n1. 基础条件[BASIC_HARDSHIP_CATEGORY]（就业困难人员认定类别）状态为\'no_data\'，属于证据缺失，无法证实申请人具备申请资格的必要前提条件，该基础条件判定为未满足。\n2. 排斥条件[EXCL_SHAREHOLDER]、[EXCL_UNIT_INSURANCE]、[INFER_FISCAL_SUPPORT]均为\'no_data\'，无法排除申请人存在违规领取补贴或不符合灵活就业状态的风险。\n根据\'基础条件6项必须全部有明确满足的证据，缺任一即判不符合\'的原则，因核心认定类别证据缺失，直接判定不符合。','[]','','待定',1.0000,1,'2026-03-24 17:06:16'),(54,'ab49e030-36c0-446e-a1c0-86c8d84a2f61','42090219760310000D',0,'agent_lenient','业务宽松Agent','数据缺失','待定',0.6500,'[]','基于业务实操视角，申请人基础信息有效（生存且系统正常），且历史领取记录与当前缴费月份核算清晰，无超期领取风险。虽然就业困难认定、股东身份、单位参保、财政供养等关键排斥条件均显示\'证据缺失\'，但依据\'法无禁止即可为\'的服务理念，排斥条件无数据触发（exec_status=\'no_data\'）应视为未触发排斥，这对申请人是利好。在无明确违规记录的前提下，不应因后台数据同步滞后或查证暂时空白而拒绝真实困难人员的申请。建议在后续环节补全就业困难认定证明，但当前节点倾向于通过。','[]','','待定',1.0000,1,'2026-03-24 17:06:16'),(55,'ab49e030-36c0-446e-a1c0-86c8d84a2f61','42090219760310000D',0,'agent_explorer','发散探索Agent','不符合','待定',0.7500,'[]','已查证信息：申请人生命状态正常，且历史领取记录显示仅有202602单月记录。尚未核实信息：就业困难人员认定类别、工商股东身份、单位代缴医保记录、财政供养情况四项核心证据均显示\'no_data\'。存在疑点：在四项关键资格准入与排除条件证据完全缺失的情况下，现有的两项\'通过\'证据不足以支撑资格认定。特别是\'就业困难人员认定\'作为申请的前置条件，其缺失直接导致资格不成立。同时，\'单位缴纳医保\'数据的缺失无法排除申请人已实现单位就业的冲突可能。','[\"核心前置条件证据缺失：[card_BASIC_HARDSHIP_CATEGORY] 显示\'no_data\'，意味着无法确认申请人是否具备\'就业困难人员\'这一核心申请资格，根据政策逻辑，无认定即无资格，不能视为默认通过。\", \"排除性条款无法核验：[card_EXCL_SHAREHOLDER] 和 [card_EXCL_UNIT_INSURANCE] 均无数据。若申请人正在经营个体工商户或已由单位缴纳社保，则直接违反灵活就业补贴的排他性规定，当前数据盲区构成重大风险。\", \"数据完整性存疑：6项证据中有4项缺失，证据链完整度不足40%。在此情况下，[card_CALC_HISTORY_MONTHS] 显示的\'202602\'记录虽然逻辑自洽，但缺乏身份背景支撑，存在\'错误发放\'的历史遗留风险隐患。\", \"财政供养风险未排除：[card_INFER_FISCAL_SUPPORT] 数据缺失，无法排除申请人属于公务员或事业单位在编人员等违规申领群体。\"]','','待定',1.0000,1,'2026-03-24 17:06:16'),(56,'ab49e030-36c0-446e-a1c0-86c8d84a2f61','42090219760310000D',0,'agent_empirical','经验归纳Agent','数据缺失','待定',0.5000,'[]','','[]','','待定',1.0000,1,'2026-03-24 17:06:16'),(57,'ab49e030-36c0-446e-a1c0-86c8d84a2f61','42090219760310000D',0,'agent_auditor','审计反驳Agent','数据缺失','待定',0.7000,'[]','作为审计反驳Agent，我认为该申请目前完全不符合审批通过的标准。核心依据如下：1. 基础条件存在致命缺失：\'就业困难人员认定类别\'(card_BASIC_HARDSHIP_CATEGORY)是申请补贴的前置资格条件，目前证据状态为\'no_data\'。根据审计准则，\'未查到记录\'不等于\'具备资格\'，缺乏必要的身份认定文件直接导致申请资格不成立。2. 排斥条件验证失效：虽然申请人处于存活状态(card_BASIC_PERSON_ACTIVE)，但三项关键的排斥性条件（工商股东、单位医保、财政供养）均显示为\'no_data\'。这种状态无法证明申请人\'不存在\'排斥情形，只能说明\'未发现\'，存在极大的合规风险敞口。3. 历史数据存在异常信号：card_CALC_HISTORY_MONTHS 显示历史已领取月份为202602，当前缴费月份也是202602，数据过于\'巧合\'且累计月数极少，这种\'完美\'的初始状态反而需要警惕是否存在新开户套取补贴或数据录入错误的风险。综上所述，在缺乏核心资质证明且排斥风险未排除的情况下，申请不应通过。','[\"基础资质证据链断裂：申请人未能提供\'就业困难人员认定\'的有效证明（证据返回no_data），缺乏这一前置条件，任何后续的补贴计算都缺乏合法性基础。\", \"排斥条件验证不足：对于\'无股东身份\'、\'无单位医保\'、\'无财政供养\'三项关键排斥条件，证据显示均为\'no_data\'。其他Agent若将此解读为\'符合条件\'即犯了\'诉诸无知\'的逻辑谬误，\'未发现违规\'不等于\'确实合规\'。\", \"数据完整性风险：六项证据中有四项为\'no_data\'，证据完整度极低。在此情况下强行判定，极易造成违规发放。\", \"历史核算数据存疑：历史领取月份与当前缴费月份完全重合（均为202602），这种\'零历史积累\'的完美状态在实际业务中占比极低，建议人工核实是否存在系统数据污染或欺诈申请风险。\"]','','待定',1.0000,1,'2026-03-24 17:06:16'),(58,'a6e9a396-9f91-4a8b-ba92-f3213f138d8a','42090219850505000B',0,'agent_strict','严格合规Agent','数据缺失','待定',0.9000,'[]','依据政策条文的刚性执行原则，申请人必须同时满足所有基础条件且不触发任何排斥条件。现有证据中：1. 基础条件[BASIC_001]、[BASIC_002]虽有满足证据，但不足以支撑整体通过；2. 关键排斥条件[EXCL_SHAREHOLDER]（股东身份排查）因系统异常导致证据缺失，无法确认申请人是否属于‘企业股东’等禁止申领人群；3. 排斥条件[EXCL_UNIT_INSURANCE]（单位参保）和[INFER_FISCAL_SUPPORT]（财政供养）均处于‘no_data’状态，无法排除违规风险；4. 核心计算条件[CALC_HISTORY_MONTHS]缺失缴费基数，无法完成精算核算。根据‘证据缺失即视为条件未满足’的判定准则，申请人因关键排斥条件无法核验及核心数据缺失，判定为不符合。','[]','','待定',1.0000,1,'2026-03-24 19:39:53'),(59,'a6e9a396-9f91-4a8b-ba92-f3213f138d8a','42090219850505000B',0,'agent_lenient','业务宽松Agent','数据缺失','待定',0.6500,'[]','','[]','','待定',1.0000,1,'2026-03-24 19:39:53'),(60,'a6e9a396-9f91-4a8b-ba92-f3213f138d8a','42090219850505000B',0,'agent_explorer','发散探索Agent','不符合','待定',0.7500,'[]','【已查证的正面信息】申请人李老板生命状态正常，且持有有效的\'家庭零就业人员\'就业困难认定类别，基础门槛看似满足。 【存在疑点与数据缺失】1. 核心排除条件\'工商股东身份\'查询失败（系统报错），这是重大的风险敞口，无法排除申请人经商的可能性。2. \'单位缴纳医保记录\'与\'财政供养\'查询结果均为\'no_data\'，属于证据链断裂而非\'无风险证明\'。3. 最关键的异常在于\'缴费基数缺失\'，这直接导致无法计算补贴金额。 【综合判断】在无法核实是否存在双重就业关系、是否经商、且核心计费参数缺失的情况下，申请处于高风险状态。特别是\'缴费基数缺失\'可能暗示数据源头存在录入错误或同步异常，不符合精准发放要求。','[\"核心计费参数\'缴费基数\'缺失，导致无法进行精算核算，这可能暗示社保缴费数据源头存在录入错误或同步异常，而非简单的数据为空。\", \"排除性规则\'工商股东身份\'查询出现技术性报错，这意味着系统无法排除申请人\'李老板\'是否存在经商办企业的违规情形，存在极大的合规隐患。\", \"申请人姓名为\'李老板\'，该名称具有强烈的个体工商户或私营企业主特征，与\'无工商股东记录\'的待验证状态形成直觉上的矛盾，需重点排查是否存在漏登或异地工商登记。\", \"当前缴费月份显示为\'202602\'（2026年2月），该时间点明显超出当前正常业务周期（假设当前为2024或2025年），存在数据预录入错误或系统时间线混乱的风险。\"]','','待定',1.0000,1,'2026-03-24 19:39:53'),(61,'a6e9a396-9f91-4a8b-ba92-f3213f138d8a','42090219850505000B',0,'agent_empirical','经验归纳Agent','数据缺失','待定',0.6500,'[]','此案与【模式E：数据矛盾型】高度相似。申请人虽然基础状态有效且持有就业困难认定，符合补贴的表面条件，但核心的排除性审查（工商股东、单位医保、财政供养）均出现系统异常或数据缺失。特别是\'card_EXCL_SHAREHOLDER\'出现系统保护性拦截，这在经验中往往暗示底层数据存在格式异常或严重冲突。此外，精算数据中缴费基数缺失，导致无法完成金额核算。综合判断，这不是一个标准的合规案例，而是一个典型的\'系统数据质量问题\'案例，必须转人工核实。','[]','','待定',1.0000,1,'2026-03-24 19:39:53'),(62,'a6e9a396-9f91-4a8b-ba92-f3213f138d8a','42090219850505000B',0,'agent_auditor','审计反驳Agent','数据缺失','待定',0.1000,'[]','LLM 输出解析失败，原始片段: ```json\n{\n  \"agent_id\": \"Audit_Refusal_Agent\",\n  \"agent_role\": \"审计反驳Agent\",\n  \"final_decision\": \"不符合\",\n  \"confidence\": 0','[\"LLM 输出不是有效 JSON\"]','解析失败','待定',1.0000,1,'2026-03-24 19:39:53'),(63,'9d82ca17-6b87-4250-8841-634219065084','42090219800101000A',0,'agent_strict','严格合规Agent','不符合','待定',0.9000,'[]','依据严格合规判定准则，基础条件必须全部有明确满足的证据，排斥条件必须明确查无触发记录。本案中，虽然[BASIC_HARDSHIP_CATEGORY]、[BASIC_PERSON_ACTIVE]及[CALC_HISTORY_MONTHS]三项条件证据确凿且支持通过，但排斥条件[EXCL_SHAREHOLDER]、[EXCL_UNIT_INSURANCE]及[INFER_FISCAL_SUPPORT]均显示\'证据缺失\'（exec_status=\'no_data\'）。根据认知风格第2条，\'no_data\'的基础条件等同于条件未满足，且排斥条件无法排除即存在违规风险。因关键排斥性审查事项缺乏明确合规证据，无法确认申请人完全符合政策准入底线，故判定\'不符合\'。','[]','','待定',1.0000,1,'2026-03-24 21:41:37'),(64,'9d82ca17-6b87-4250-8841-634219065084','42090219800101000A',0,'agent_lenient','业务宽松Agent','数据缺失','待定',0.7500,'[]','1. 核心条件满足：申请人具备‘大龄失业人员’认定类别，属于政策重点帮扶对象，且基础档案状态有效。2. 排斥条件解读：三项排斥条件（股东、单位参保、财政供养）均为‘no_data’状态，依据‘数据系统无记录即视为无违规’的经办惯例，这属于支持通过的利好信号，而非阻碍理由。3. 缴费核算：历史缴费记录连续（202601-202602），满足核算基础。综上，无明确排斥触发，建议认定符合。','[]','','待定',1.0000,1,'2026-03-24 21:41:37'),(65,'9d82ca17-6b87-4250-8841-634219065084','42090219800101000A',0,'agent_explorer','发散探索Agent','数据缺失','待定',0.4500,'[]','已查证信息显示申请人基础身份有效（生存、系统有效），且持有有效的‘大龄失业人员’认定类别，历史缴费记录看似完整覆盖了202601-202602时段。然而，作为‘问题发现者’，我必须指出当前证据链存在严重的‘结构性缺失’。虽然三项核心排除性查询（股东、单位医保、财政供养）均返回‘no_data’，但这在真实业务场景中往往意味着核查未完成而非‘无风险’。特别是‘单位医保’和‘股东身份’是灵活就业补贴发放的‘一票否决’项，缺失这两项核查结果直接导致无法判断申请人是否真正符合‘灵活就业’的排他性定义。此外，历史缴费记录仅显示‘已领取’，未显示‘应发’与‘实发’的差额逻辑，且缺乏对应的就业登记时间线，无法排除‘就业与未就业并存’或‘身份切换’的隐患。','[\"核心排除项证据真空：三项关键的排除性证据（股东身份、单位医保、财政供养）状态均为‘no_data’。在补贴审核中，‘未查到数据’不等于‘不存在风险’，这种大面积的证据缺失导致无法排除申请人正在企业任职或享受财政供养的可能性，这与‘灵活就业’身份存在潜在冲突。\", \"就业状态时间线缺失：证据中仅有‘大龄失业人员’的认定结果，但缺乏‘就业登记’或‘失业登记’的具体时间戳。无法判断申请人在202601-202602期间是否处于‘灵活就业登记’有效期内，存在‘认定类别有效’但‘就业状态已变更’（如已就业但未同步）的时间线断裂风险。\", \"险种状态与基数异常预警缺失：证据未提供具体的缴费基数（pay_base）和险种变更日志（insurance_change_log）。考虑到当前时间为2026年，若申请人在此期间缴费基数突然大幅跳升，可能暗示其收入来源已不符合‘大龄失业’或‘灵活就业’的低收入特征，但当前证据无法支撑这一维度的风险排查。\"]','','待定',1.0000,1,'2026-03-24 21:41:37'),(66,'9d82ca17-6b87-4250-8841-634219065084','42090219800101000A',0,'agent_empirical','经验归纳Agent','数据缺失','待定',0.6500,'[]','此案呈现出典型的【模式A：标准合规型】特征。申请人基础条件完备：持有有效的\'大龄失业人员\'就业困难认定，生命状态与系统状态正常，且历史缴费记录清晰（202601-202602），形成了连贯的缴费链条。然而，该模式成立的前提是必须排除\'隐性欺诈\'风险。目前证据面板显示，关于工商股东身份（EXCL_SHAREHOLDER）、单位医保缴费（EXCL_UNIT_INSURANCE）以及财政供养（INFER_FISCAL_SUPPORT）的三项关键排他性检查均为\'证据缺失\'。在经验审核中，这意味着无法确认申请人是否处于\'纸面合规但实际违规\'的状态。虽然核心数据指向符合，但缺失的风险阻断证据使得无法做出最终确切的\'符合\'判定。基于审慎原则，判定为数据缺失，需补全反欺诈核查。','[]','','待定',1.0000,1,'2026-03-24 21:41:37'),(67,'9d82ca17-6b87-4250-8841-634219065084','42090219800101000A',0,'agent_auditor','审计反驳Agent','数据缺失','待定',0.1000,'[]','LLM 输出解析失败，原始片段: ```json\n{\n  \"agent_id\": \"audit_refutation_agent\",\n  \"debate_round\": 0,\n  \"conclusion\": \"不符合\",\n  \"confidence\": 0.70,\n  \"r','[\"LLM 输出不是有效 JSON\"]','解析失败','待定',1.0000,1,'2026-03-24 21:41:37'),(68,'94606d88-2d7a-45f2-87f9-41bb3c6bca74','42090219800101000A',0,'agent_strict','严格合规Agent','数据缺失','待定',0.0000,'[]','系统错误导致判断失败: type object \'QuestionType\' has no attribute \'QUALIFICATION\'','[]','系统调度异常','待定',1.0000,1,'2026-03-25 11:27:52'),(69,'94606d88-2d7a-45f2-87f9-41bb3c6bca74','42090219800101000A',0,'agent_lenient','业务宽松Agent','数据缺失','待定',0.0000,'[]','系统错误导致判断失败: type object \'QuestionType\' has no attribute \'QUALIFICATION\'','[]','系统调度异常','待定',1.0000,1,'2026-03-25 11:27:52'),(70,'94606d88-2d7a-45f2-87f9-41bb3c6bca74','42090219800101000A',0,'agent_explorer','发散探索Agent','数据缺失','待定',0.0000,'[]','系统错误导致判断失败: type object \'QuestionType\' has no attribute \'QUALIFICATION\'','[]','系统调度异常','待定',1.0000,1,'2026-03-25 11:27:52'),(71,'94606d88-2d7a-45f2-87f9-41bb3c6bca74','42090219800101000A',0,'agent_empirical','经验归纳Agent','数据缺失','待定',0.0000,'[]','系统错误导致判断失败: type object \'QuestionType\' has no attribute \'QUALIFICATION\'','[]','系统调度异常','待定',1.0000,1,'2026-03-25 11:27:52'),(72,'94606d88-2d7a-45f2-87f9-41bb3c6bca74','42090219800101000A',0,'agent_auditor','审计反驳Agent','数据缺失','待定',0.0000,'[]','系统错误导致判断失败: type object \'QuestionType\' has no attribute \'QUALIFICATION\'','[]','系统调度异常','待定',1.0000,1,'2026-03-25 11:27:52'),(73,'b5cbcf8e-2f7d-4eb5-a77f-166c1ff49ece','42090219800101000A',0,'agent_strict','严格合规Agent','数据缺失','待定',0.0000,'[]','系统错误导致判断失败: \'EvidencePlanItem\' object has no attribute \'evidence_targets\'','[]','系统调度异常','待定',1.0000,1,'2026-03-25 11:43:49'),(74,'b5cbcf8e-2f7d-4eb5-a77f-166c1ff49ece','42090219800101000A',0,'agent_lenient','业务宽松Agent','数据缺失','待定',0.0000,'[]','系统错误导致判断失败: \'EvidencePlanItem\' object has no attribute \'evidence_targets\'','[]','系统调度异常','待定',1.0000,1,'2026-03-25 11:43:49'),(75,'b5cbcf8e-2f7d-4eb5-a77f-166c1ff49ece','42090219800101000A',0,'agent_explorer','发散探索Agent','数据缺失','待定',0.0000,'[]','系统错误导致判断失败: \'EvidencePlanItem\' object has no attribute \'evidence_targets\'','[]','系统调度异常','待定',1.0000,1,'2026-03-25 11:43:49'),(76,'b5cbcf8e-2f7d-4eb5-a77f-166c1ff49ece','42090219800101000A',0,'agent_empirical','经验归纳Agent','数据缺失','待定',0.0000,'[]','系统错误导致判断失败: \'EvidencePlanItem\' object has no attribute \'evidence_targets\'','[]','系统调度异常','待定',1.0000,1,'2026-03-25 11:43:49'),(77,'b5cbcf8e-2f7d-4eb5-a77f-166c1ff49ece','42090219800101000A',0,'agent_auditor','审计反驳Agent','数据缺失','待定',0.0000,'[]','系统错误导致判断失败: \'EvidencePlanItem\' object has no attribute \'evidence_targets\'','[]','系统调度异常','待定',1.0000,1,'2026-03-25 11:43:49'),(78,'052c0e9e-e58e-4c6b-872d-d421acee72cb','42090219800101000A',0,'agent_strict','严格合规Agent','数据缺失','待定',0.0000,'[]','系统错误导致判断失败: \'EvidencePlanItem\' object has no attribute \'evidence_targets\'','[]','系统调度异常','待定',1.0000,1,'2026-03-25 11:50:10'),(79,'052c0e9e-e58e-4c6b-872d-d421acee72cb','42090219800101000A',0,'agent_lenient','业务宽松Agent','数据缺失','待定',0.0000,'[]','系统错误导致判断失败: \'EvidencePlanItem\' object has no attribute \'evidence_targets\'','[]','系统调度异常','待定',1.0000,1,'2026-03-25 11:50:10'),(80,'052c0e9e-e58e-4c6b-872d-d421acee72cb','42090219800101000A',0,'agent_explorer','发散探索Agent','数据缺失','待定',0.0000,'[]','系统错误导致判断失败: \'EvidencePlanItem\' object has no attribute \'evidence_targets\'','[]','系统调度异常','待定',1.0000,1,'2026-03-25 11:50:10'),(81,'052c0e9e-e58e-4c6b-872d-d421acee72cb','42090219800101000A',0,'agent_empirical','经验归纳Agent','数据缺失','待定',0.0000,'[]','系统错误导致判断失败: \'EvidencePlanItem\' object has no attribute \'evidence_targets\'','[]','系统调度异常','待定',1.0000,1,'2026-03-25 11:50:10'),(82,'052c0e9e-e58e-4c6b-872d-d421acee72cb','42090219800101000A',0,'agent_auditor','审计反驳Agent','数据缺失','待定',0.0000,'[]','系统错误导致判断失败: \'EvidencePlanItem\' object has no attribute \'evidence_targets\'','[]','系统调度异常','待定',1.0000,1,'2026-03-25 11:50:10'),(83,'6717ce9e-7c6f-4b79-9746-1d876551cd2a','42090219800101000A',0,'agent_strict','严格合规Agent','数据缺失','待定',0.0000,'[]','系统错误导致判断失败: \'EvidencePlanItem\' object has no attribute \'question_id\'','[]','系统调度异常','待定',1.0000,1,'2026-03-25 11:56:03'),(84,'6717ce9e-7c6f-4b79-9746-1d876551cd2a','42090219800101000A',0,'agent_lenient','业务宽松Agent','数据缺失','待定',0.0000,'[]','系统错误导致判断失败: \'EvidencePlanItem\' object has no attribute \'question_id\'','[]','系统调度异常','待定',1.0000,1,'2026-03-25 11:56:03'),(85,'6717ce9e-7c6f-4b79-9746-1d876551cd2a','42090219800101000A',0,'agent_explorer','发散探索Agent','数据缺失','待定',0.0000,'[]','系统错误导致判断失败: \'EvidencePlanItem\' object has no attribute \'question_id\'','[]','系统调度异常','待定',1.0000,1,'2026-03-25 11:56:03'),(86,'6717ce9e-7c6f-4b79-9746-1d876551cd2a','42090219800101000A',0,'agent_empirical','经验归纳Agent','数据缺失','待定',0.0000,'[]','系统错误导致判断失败: \'EvidencePlanItem\' object has no attribute \'question_id\'','[]','系统调度异常','待定',1.0000,1,'2026-03-25 11:56:03'),(87,'6717ce9e-7c6f-4b79-9746-1d876551cd2a','42090219800101000A',0,'agent_auditor','审计反驳Agent','数据缺失','待定',0.0000,'[]','系统错误导致判断失败: \'EvidencePlanItem\' object has no attribute \'question_id\'','[]','系统调度异常','待定',1.0000,1,'2026-03-25 11:56:03'),(88,'04cc79e6-ef98-46e2-8b33-12098602d7c9','42090219800101000A',0,'agent_strict','严格合规Agent','不符合','待定',0.9500,'[]','核心身份信息（BASIC_001）完全查无此人，数据库中不存在该身份证号的任何有效记录。根据政策要求，基础条件必须全部有明确满足的证据，无数据即视为条件未满足。无法核实该人员是否属于就业困难人员、是否办理灵活就业登记、是否缴纳社保等任何基础条件。','[]','','待定',1.0000,1,'2026-03-25 12:32:19'),(89,'04cc79e6-ef98-46e2-8b33-12098602d7c9','42090219800101000A',0,'agent_lenient','业务宽松Agent','数据缺失','待定',0.9500,'[]','证据概览显示共0项证据，且数据库查询失败（表不存在），无法获取申请人的基本信息、就业状态、灵活就业登记、个体工商户、股东信息及社保缴费等关键数据。根据业务宽松原则，在完全没有证据支持的情况下，不应直接判定不符合，而应判定为数据缺失，需要补充证据后再行认定。','[]','','待定',1.0000,1,'2026-03-25 12:32:19'),(90,'04cc79e6-ef98-46e2-8b33-12098602d7c9','42090219800101000A',0,'agent_explorer','发散探索Agent','不符合','待定',0.7500,'[]','【已查证的】系统当前显示0项证据，数据库表无法访问，无法获取任何关键信息。【尚未核实的】1) 该人员的基本信息（姓名、性别、出生日期、生存状态、就业状态）完全未知；2) 是否存在有效的灵活就业登记记录未核实；3) 社保缴费情况（缴费基数、缴费时间段、险种类型）完全缺失；4) 是否存在全日制用工登记、股东登记、个体工商户登记等冲突信息无法查询；5) 险种变更记录、退休年龄等关键信息无法获取。【存在疑点的】证据概览显示\'共0项证据\'，这表明要么数据尚未采集，要么系统存在数据访问异常。对于灵活就业社保补贴资格认定，至少需要核实：身份有效性、就业状态、社保缴费情况、是否存在禁止性情形等核心要件，当前全部缺失。','[\"证据完全缺失：当前证据概览显示0项证据，无法支撑任何资格认定结论，这是典型的\'证据不足\'状态而非\'符合条件\'状态\", \"数据库访问异常：多次尝试查询均提示表不存在，系统可能存在数据源配置问题或权限限制，导致无法获取关键判定依据\", \"核心要件未核实：灵活就业社保补贴需要核实身份有效性、灵活就业登记真实性、社保缴费连续性、是否存在禁止性情形（如全日制就业、股东身份等），这些关键信息全部缺失\"]','','待定',1.0000,1,'2026-03-25 12:32:19'),(91,'04cc79e6-ef98-46e2-8b33-12098602d7c9','42090219800101000A',0,'agent_empirical','经验归纳Agent','数据缺失','待定',0.3000,'[]','此案呈现【模式E：数据矛盾型】特征。证据概览显示\'共0项证据\'，且所有数据库查询均返回\'Table doesn\'t exist\'错误，表明系统数据源存在严重问题。作为经验归纳Agent，我无法在零证据基础上进行模式识别。这种情况下，既不能判定\'符合\'也不能判定\'不符合\'，必须建议人工介入，先解决数据源问题。','[]','','待定',1.0000,1,'2026-03-25 12:32:19'),(92,'04cc79e6-ef98-46e2-8b33-12098602d7c9','42090219800101000A',0,'agent_auditor','审计反驳Agent','数据缺失','待定',0.1000,'[]','LLM 输出解析失败，原始片段: 基于我的审查，我发现了严重的问题：\n\n**核心问题：**\n1. 证据概览显示\"共 0 项证据\"——完全没有证据支持\n2. 数据库查询失败——关键表（emp_difficulty_recognition、flexible_employment_register、social_security_info）不存在\n3. 无法获取任何基础数据来验证申请人的资格条件\n\n**审计判断：**\n作为审计反驳Age','[\"LLM 输出不是有效 JSON\"]','解析失败','待定',1.0000,1,'2026-03-25 12:32:19');
/*!40000 ALTER TABLE `agent_debate_log` ENABLE KEYS */;
UNLOCK TABLES;

--
-- Table structure for table `company_info`
--

DROP TABLE IF EXISTS `company_info`;
/*!40101 SET @saved_cs_client     = @@character_set_client */;
/*!50503 SET character_set_client = utf8mb4 */;
CREATE TABLE `company_info` (
  `company_id` varchar(50) NOT NULL COMMENT '企业统一信用代码/机构代码',
  `company_name` varchar(200) NOT NULL COMMENT '单位名称',
  `legal_person_id_card` varchar(18) DEFAULT NULL COMMENT '法定代表人身份证号',
  `company_type` varchar(50) DEFAULT '企业' COMMENT '单位性质(企业/机关单位/事业单位/社会团体/个体工商户)',
  `is_valid` varchar(10) DEFAULT '1' COMMENT '有效标志(1/0)',
  `created_at` timestamp NULL DEFAULT CURRENT_TIMESTAMP,
  PRIMARY KEY (`company_id`),
  KEY `idx_company_type` (`company_type`)
) ENGINE=InnoDB DEFAULT CHARSET=utf8mb4 COLLATE=utf8mb4_0900_ai_ci COMMENT='企业基础信息表';
/*!40101 SET character_set_client = @saved_cs_client */;

--
-- Dumping data for table `company_info`
--

LOCK TABLES `company_info` WRITE;
/*!40000 ALTER TABLE `company_info` DISABLE KEYS */;
INSERT INTO `company_info` VALUES ('91420900000000001X','湖北某科技有限公司','420902197001019999','企业','1','2026-03-23 09:36:05'),('91420900000000002Y','孝感某商贸有限公司','42090219850505000B','企业','1','2026-03-23 09:36:05'),('91420900000000003Z','陈灰色个体经营部','42090219780815000E','个体工商户','0','2026-03-23 09:36:05'),('91420900000000004W','孝感市某中学',NULL,'事业单位','1','2026-03-23 09:36:05'),('91420900000000005V','孝感某职业培训学校',NULL,'企业','1','2026-03-23 09:36:05');
/*!40000 ALTER TABLE `company_info` ENABLE KEYS */;
UNLOCK TABLES;

--
-- Table structure for table `company_shareholder`
--

DROP TABLE IF EXISTS `company_shareholder`;
/*!40101 SET @saved_cs_client     = @@character_set_client */;
/*!50503 SET character_set_client = utf8mb4 */;
CREATE TABLE `company_shareholder` (
  `relation_id` bigint NOT NULL AUTO_INCREMENT,
  `company_id` varchar(50) NOT NULL COMMENT '企业代码',
  `id_card` varchar(18) NOT NULL COMMENT '股东身份证号',
  `share_ratio` decimal(5,2) DEFAULT NULL COMMENT '持股比例(%)',
  `is_valid` varchar(10) DEFAULT '1' COMMENT '有效标志(1/0)',
  PRIMARY KEY (`relation_id`),
  KEY `idx_company` (`company_id`),
  KEY `idx_shareholder` (`id_card`)
) ENGINE=InnoDB AUTO_INCREMENT=2 DEFAULT CHARSET=utf8mb4 COLLATE=utf8mb4_0900_ai_ci COMMENT='企业股东关联表';
/*!40101 SET character_set_client = @saved_cs_client */;

--
-- Dumping data for table `company_shareholder`
--

LOCK TABLES `company_shareholder` WRITE;
/*!40000 ALTER TABLE `company_shareholder` DISABLE KEYS */;
INSERT INTO `company_shareholder` VALUES (1,'91420900000000002Y','42090219850505000B',30.00,'1');
/*!40000 ALTER TABLE `company_shareholder` ENABLE KEYS */;
UNLOCK TABLES;

--
-- Table structure for table `debate_session`
--

DROP TABLE IF EXISTS `debate_session`;
/*!40101 SET @saved_cs_client     = @@character_set_client */;
/*!50503 SET character_set_client = utf8mb4 */;
CREATE TABLE `debate_session` (
  `session_id` varchar(36) NOT NULL COMMENT '一次成功辩论的唯一会话ID',
  `id_card` varchar(18) NOT NULL COMMENT '被审查人员身份证号',
  `policy_id` varchar(50) DEFAULT 'POLICY_001' COMMENT '本次辩论对应的政策ID',
  `status` varchar(20) NOT NULL COMMENT '当前仅保存 completed',
  `source_endpoint` varchar(32) NOT NULL COMMENT '来源接口，如 /api/debate 或 /api/debate_stream',
  `final_conclusion` varchar(20) NOT NULL COMMENT '最终结论：符合/不符合/数据缺失',
  `final_stance` varchar(20) NOT NULL COMMENT '最终多数派立场：支持通过/反对通过/待定',
  `consensus_rate` decimal(5,4) NOT NULL COMMENT '最终轮次共识率',
  `is_consensus_reached` tinyint(1) NOT NULL DEFAULT '0' COMMENT '是否在轮次内自发达成共识',
  `rounds_taken` int NOT NULL COMMENT '最终采用的轮次编号',
  `evidence_count` int NOT NULL COMMENT '本次会话使用的证据条数',
  `agent_count` int NOT NULL COMMENT '参与辩论的Agent数量',
  `started_at` datetime NOT NULL COMMENT '会话开始时间',
  `completed_at` datetime NOT NULL COMMENT '会话完成时间',
  `snapshot_payload` longtext NOT NULL COMMENT '完整会话快照(JSON字符串)',
  `created_at` timestamp NULL DEFAULT CURRENT_TIMESTAMP COMMENT '持久化时间',
  PRIMARY KEY (`session_id`),
  KEY `idx_debate_session_idcard` (`id_card`),
  KEY `idx_debate_session_completed` (`completed_at`),
  KEY `idx_debate_session_conclusion` (`final_conclusion`),
  KEY `idx_debate_session_policy` (`policy_id`)
) ENGINE=InnoDB DEFAULT CHARSET=utf8mb4 COLLATE=utf8mb4_0900_ai_ci COMMENT='成功辩论会话总表';
/*!40101 SET character_set_client = @saved_cs_client */;

--
-- Dumping data for table `debate_session`
--

LOCK TABLES `debate_session` WRITE;
/*!40000 ALTER TABLE `debate_session` DISABLE KEYS */;
INSERT INTO `debate_session` VALUES ('020a1444-8113-43c9-9c22-f3f5f98de7b3','42090219780815000E','POLICY_001','completed','/api/debate_stream','数据缺失','待定',1.0000,1,0,6,5,'2026-03-24 14:08:08','2026-03-24 14:13:34','{\"session_id\": \"020a1444-8113-43c9-9c22-f3f5f98de7b3\", \"id_card\": \"42090219780815000E\", \"evidence_count\": 6, \"rounds_taken\": 0, \"final_conclusion\": \"数据缺失\", \"final_stance\": \"待定\", \"consensus_rate\": 1.0, \"is_consensus_reached\": true, \"history\": [{\"round_num\": 0, \"judgments\": [{\"agent_id\": \"agent_strict\", \"agent_role\": \"严格合规Agent\", \"debate_round\": 0, \"conclusion\": \"不符合\", \"stance\": \"待定\", \"confidence\": 0.95, \"evidence_refs\": [], \"reasoning\": \"依据政策条文刚性约束，申请人触发排斥条件。证据 [card_EXCL_SHAREHOLDER] 明确显示申请人存在‘个体工商户’工商主体身份，且被标记为排除项。根据‘排斥条件只要有一条被触发，立即判不符合’的原则，无论其他条件是否满足，该申请直接否决。此外，基础条件中 [card_EXCL_UNIT_INSURANCE]、[card_INFER_FISCAL_SUPPORT] 显示‘no_data’，[card_CALC_HISTORY_MONTHS] 显示系统异常，均视为条件未满足或无法证实，进一步佐证不符合结论。\", \"dissent_points\": [], \"key_finding\": \"\"}, {\"agent_id\": \"agent_lenient\", \"agent_role\": \"业务宽松Agent\", \"debate_round\": 0, \"conclusion\": \"数据缺失\", \"stance\": \"待定\", \"confidence\": 0.7, \"evidence_refs\": [], \"reasoning\": \"基于业务宽松视角分析：1. 基础条件方面，申请人具有\'大龄失业人员\'认定类别且生命状态正常，符合政策帮扶初衷。2. 排斥条件方面，虽然证据显示存在\'个体工商户\'记录，但根据实操经验，需进一步核实该主体状态是否为\'注销\'。若已注销，不应视为排斥；若为有效状态则需驳回。鉴于证据概览中该排斥项被标记为\'支持通过\'，我倾向于认可该排斥项未生效（或已注销）。3. 其他排斥项（单位参保、财政供养）均为\'no_data\'，按照\'没有触发即支持通过\'的原则，不构成阻碍。4. 历史月份核算虽报错，属于技术性问题，不应阻碍资格认定。综上，在核心困难认定真实且无明确有效排斥线索的情况下，倾向于认定符合资格，但保留对工商状态的核验建议。\", \"dissent_points\": [], \"key_finding\": \"\"}, {\"agent_id\": \"agent_explorer\", \"agent_role\": \"发散探索Agent\", \"debate_round\": 0, \"conclusion\": \"数据缺失\", \"stance\": \"待定\", \"confidence\": 0.65, \"evidence_refs\": [], \"reasoning\": \"已查证的证据显示申请人具有\'大龄失业人员\'身份且状态正常，但存在明确的\'个体工商户\'排除标记，这一点与其他支持通过的证据形成潜在冲突。更重要的是，有三项关键证据处于缺失或异常状态，导致无法完成完整的合规性闭环。特别是\'单位参保情况\'和\'历史领取月数\'的缺失，直接影响了补贴资格的核心判定。作为问题发现者，我认为现有的\'支持通过\'证据链条过于脆弱，无法覆盖潜在的合规风险。\", \"dissent_points\": [\"【证据冲突与误判风险】已查实的[card_EXCL_SHAREHOLDER]显示申请人存在\'个体工商户\'身份且被标记为\'是\'排除项，这与最终\'支持通过\'的倾向存在直接矛盾。需核实该个体工商户是否处于正常经营状态，若正常经营，则直接否定灵活就业社保补贴资格。\", \"【核心数据缺失】[card_EXCL_UNIT_INSURANCE]状态为\'no_data\'，这是典型的\'遗漏\'而非\'无记录\'。无法排除申请人在申请期间是否存在隐性单位就业并缴纳医保的情况，这直接关系到\'灵活就业\'身份的真实性。\", \"【系统异常掩盖风险】[card_CALC_HISTORY_MONTHS]报错\'Object of type Decimal is not JSON serializable\'，这不仅是技术故障，更意味着无法核算其历史已享受补贴月数。存在申请人已超补贴限额（如满36个月）但仍尝试申请的风险，必须修复数据接口后重试。\", \"【财政供养盲区】[card_INFER_FISCAL_SUPPORT]数据缺失，未能排除申请人是否为编制外财政供养人员或公益性岗位安置人员，此类人员通常不属于灵活就业社保补贴范围。\"], \"key_finding\": \"\"}, {\"agent_id\": \"agent_empirical\", \"agent_role\": \"经验归纳Agent\", \"debate_round\": 0, \"conclusion\": \"数据缺失\", \"stance\": \"待定\", \"confidence\": 0.85, \"evidence_refs\": [], \"reasoning\": \"此案呈现出典型的【模式B：隐性欺诈型】特征，但存在数据缺失的干扰。申请人虽然通过了就业困难认定（大龄失业人员）和生存状态核验，但在关键的排斥性条件核验中，证据明确显示其存在‘个体工商户’的工商主体身份，且已被标记为‘是’排除项。根据经验，这属于典型的‘纸面失业、实际经营’的隐性欺诈模式，通常会导致资格直接否决。尽管‘单位缴纳医保’和‘财政供养’两项证据缺失，但这不影响对已查实的工商排斥项的判断。精算模块的异常（Decimal序列化失败）虽属于技术问题，但在欺诈模式已确立的情况下，属于次要矛盾。综合判断，已查实的排斥项权重远大于缺失的辅助证据。\", \"dissent_points\": [], \"key_finding\": \"\"}, {\"agent_id\": \"agent_auditor\", \"agent_role\": \"审计反驳Agent\", \"debate_round\": 0, \"conclusion\": \"数据缺失\", \"stance\": \"待定\", \"confidence\": 0.1, \"evidence_refs\": [], \"reasoning\": \"LLM 输出解析失败，原始片段: ```json\\n{\\n  \\\"agent_name\\\": \\\"审计反驳Agent\\\",\\n  \\\"final_conclusion\\\": \\\"不符合\\\",\\n  \\\"confidence\\\": 0.95,\\n  \\\"reasoning\\\": \\\"作为审计反驳Agent，我必\", \"dissent_points\": [\"LLM 输出不是有效 JSON\"], \"key_finding\": \"解析失败\"}], \"total\": 5, \"majority_stance\": \"待定\", \"majority_count\": 5, \"consensus_rate\": 1.0, \"is_consensus_reached\": true}], \"status\": \"completed\", \"source_endpoint\": \"/api/debate_stream\", \"started_at\": \"2026-03-24T14:08:08\", \"completed_at\": \"2026-03-24T14:13:33\", \"summary\": {\"status\": \"completed\", \"source_endpoint\": \"/api/debate_stream\", \"final_conclusion\": \"数据缺失\", \"final_stance\": \"待定\", \"consensus_rate\": 1.0, \"is_consensus_reached\": true, \"rounds_taken\": 0, \"evidence_count\": 6, \"agent_count\": 5}, \"evidence\": [{\"evidence_id\": \"plan_basic_hardship_category\", \"rule_id\": \"BASIC_HARDSHIP_CATEGORY\", \"target_id_card\": \"42090219780815000E\", \"target\": \"申请人是否具有有效的就业困难人员认定类别？\", \"category\": \"BASIC\", \"sql\": \"SELECT\\n    hardship_category\\nFROM\\n    hardship_certification\\nWHERE\\n    id_card = \'42090219780815000E\'\\n    AND is_valid = \'1\'\\nORDER BY\\n    apply_date DESC\\nLIMIT 1;\", \"result_raw\": [{\"hardship_category\": \"大龄失业人员\"}], \"result_summary\": \"已查实该人员具有“大龄失业人员”的就业困难人员认定类别。\", \"time_range\": null, \"supports_conclusion\": true, \"confidence\": 1.0, \"exec_status\": \"success\", \"created_at\": \"2026-03-24T22:08:28\"}, {\"evidence_id\": \"plan_basic_person_active\", \"rule_id\": \"BASIC_PERSON_ACTIVE\", \"target_id_card\": \"42090219780815000E\", \"target\": \"申请人是否处于存活且系统有效的基础状态？\", \"category\": \"BASIC\", \"sql\": \"SELECT\\n    id_card,\\n    name,\\n    life_status,\\n    system_status\\nFROM\\n    person\\nWHERE\\n    id_card = \'42090219780815000E\'\\n    AND life_status = \'生存\'\\n    AND system_status = \'1\';\", \"result_raw\": [{\"id_card\": \"42090219780815000E\", \"name\": \"陈灰色\", \"life_status\": \"生存\", \"system_status\": \"1\"}], \"result_summary\": \"经核查，申请人陈灰色当前生命状态明确为“生存”，且系统状态码为“1”即系统有效，二者均显示为正常在册状态。\", \"time_range\": null, \"supports_conclusion\": true, \"confidence\": 1.0, \"exec_status\": \"success\", \"created_at\": \"2026-03-24T22:08:45\"}, {\"evidence_id\": \"plan_excl_shareholder\", \"rule_id\": \"EXCL_SHAREHOLDER\", \"target_id_card\": \"42090219780815000E\", \"target\": \"申请人是否存在会触发排除的企业股东或工商主体身份？\", \"category\": \"EXCL\", \"sql\": \"SELECT \\n    p.id_card,\\n    p.name,\\n    p.business_role,\\n    ci.company_name,\\n    ci.company_type,\\n    cs.share_ratio,\\n    CASE \\n        WHEN p.business_role IN (\'个体工商户\', \'企业法人\') THEN \'是\'\\n        WHEN cs.id_card IS NOT NULL THEN \'是\'\\n        ELSE \'否\'\\n    END AS is_excluded\\nFROM \\n    person p\\nLEFT JOIN \\n    company_shareholder cs ON p.id_card = cs.id_card AND cs.is_valid = \'1\'\\nLEFT JOIN \\n    company_info ci ON cs.company_id = ci.company_id AND ci.is_valid = \'1\'\\nWHERE \\n    p.id_card = \'42090219780815000E\' \\n    AND p.system_status = \'1\'\\n    AND (\\n        p.business_role IN (\'个体工商户\', \'企业法人\')\\n        OR cs.id_card IS NOT NULL\\n    );\", \"result_raw\": [{\"id_card\": \"42090219780815000E\", \"name\": \"陈灰色\", \"business_role\": \"个体工商户\", \"company_name\": null, \"company_type\": null, \"share_ratio\": null, \"is_excluded\": \"是\"}], \"result_summary\": \"已查实申请人陈灰色存在“个体工商户”的工商主体身份，且该记录明确被标记为“是”排除项。\", \"time_range\": null, \"supports_conclusion\": true, \"confidence\": 1.0, \"exec_status\": \"success\", \"created_at\": \"2026-03-24T22:09:01\"}, {\"evidence_id\": \"plan_excl_unit_insurance\", \"rule_id\": \"EXCL_UNIT_INSURANCE\", \"target_id_card\": \"42090219780815000E\", \"target\": \"申请期间是否存在单位缴纳医保记录，导致不满足灵活就业补贴条件？\", \"category\": \"EXCL\", \"sql\": \"SELECT\\n    id_card,\\n    pay_month,\\n    insurer_status,\\n    company_id\\nFROM\\n    social_insurance_payment\\nWHERE\\n    id_card = \'42090219780815000E\'\\n    AND insurance_type = \'310\'\\n    AND insurer_status = \'101\'\\n    AND is_valid = \'1\'\\nORDER BY\\n    pay_month DESC\\nLIMIT 1;\", \"result_raw\": [], \"result_summary\": \"数据库未返回任何记录。未能查证到当前事实。\", \"time_range\": null, \"supports_conclusion\": null, \"confidence\": 0.5, \"exec_status\": \"no_data\", \"created_at\": \"2026-03-24T22:09:09\"}, {\"evidence_id\": \"plan_infer_fiscal_support\", \"rule_id\": \"INFER_FISCAL_SUPPORT\", \"target_id_card\": \"42090219780815000E\", \"target\": \"申请人是否存在财政供养或类似公共部门供养的高风险线索？\", \"category\": \"INFER\", \"sql\": \"SELECT\\n    si.pay_month,\\n    si.insurance_type,\\n    si.insurer_status,\\n    si.pay_base,\\n    ci.company_id,\\n    ci.company_name,\\n    ci.company_type,\\n    CASE\\n        WHEN ci.company_type IN (\'机关单位\', \'事业单位\') THEN \'高风险：单位性质为机关/事业单位，疑似财政供养\'\\n        ELSE \'关注：存在单位缴费记录，需人工核实单位性质\'\\n    END AS risk_clue_description\\nFROM\\n    social_insurance_payment si\\nINNER JOIN\\n    company_info ci ON si.company_id = ci.company_id\\nWHERE\\n    si.id_card = \'42090219780815000E\'\\n    AND si.is_valid = \'1\'\\n    AND ci.is_valid = \'1\'\\n    AND si.insurer_status = \'101\'\\n    AND si.company_id IS NOT NULL\\nORDER BY\\n    si.pay_month DESC;\", \"result_raw\": [], \"result_summary\": \"数据库未返回任何记录。未能查证到当前事实。\", \"time_range\": null, \"supports_conclusion\": null, \"confidence\": 0.5, \"exec_status\": \"no_data\", \"created_at\": \"2026-03-24T22:09:30\"}, {\"evidence_id\": \"plan_calc_history_months\", \"rule_id\": \"CALC_HISTORY_MONTHS\", \"target_id_card\": \"42090219780815000E\", \"target\": \"申请人历史已领取月份与当前缴费月份是否满足精算核算需要？\", \"category\": \"CALC\", \"sql\": \"SQL 生成与执行链路遭受毁灭性破坏\", \"result_raw\": [], \"result_summary\": \"系统保护性拦截异常: Object of type Decimal is not JSON serializable\", \"time_range\": null, \"supports_conclusion\": null, \"confidence\": 0.0, \"exec_status\": \"failed\", \"created_at\": \"2026-03-24T22:09:39\"}]}','2026-03-24 14:13:33'),('04cc79e6-ef98-46e2-8b33-12098602d7c9','42090219800101000A','POLICY_001','completed','/api/debate_stream','数据缺失','待定',1.0000,1,0,0,5,'2026-03-25 12:21:53','2026-03-25 12:32:19','{\"session_id\": \"04cc79e6-ef98-46e2-8b33-12098602d7c9\", \"id_card\": \"42090219800101000A\", \"evidence_count\": 0, \"rounds_taken\": 0, \"final_conclusion\": \"数据缺失\", \"final_stance\": \"待定\", \"consensus_rate\": 1.0, \"is_consensus_reached\": true, \"history\": [{\"round_num\": 0, \"judgments\": [{\"agent_id\": \"agent_strict\", \"agent_role\": \"严格合规Agent\", \"debate_round\": 0, \"conclusion\": \"不符合\", \"stance\": \"待定\", \"confidence\": 0.95, \"evidence_refs\": [], \"reasoning\": \"核心身份信息（BASIC_001）完全查无此人，数据库中不存在该身份证号的任何有效记录。根据政策要求，基础条件必须全部有明确满足的证据，无数据即视为条件未满足。无法核实该人员是否属于就业困难人员、是否办理灵活就业登记、是否缴纳社保等任何基础条件。\", \"dissent_points\": [], \"key_finding\": \"\"}, {\"agent_id\": \"agent_lenient\", \"agent_role\": \"业务宽松Agent\", \"debate_round\": 0, \"conclusion\": \"数据缺失\", \"stance\": \"待定\", \"confidence\": 0.95, \"evidence_refs\": [], \"reasoning\": \"证据概览显示共0项证据，且数据库查询失败（表不存在），无法获取申请人的基本信息、就业状态、灵活就业登记、个体工商户、股东信息及社保缴费等关键数据。根据业务宽松原则，在完全没有证据支持的情况下，不应直接判定不符合，而应判定为数据缺失，需要补充证据后再行认定。\", \"dissent_points\": [], \"key_finding\": \"\"}, {\"agent_id\": \"agent_explorer\", \"agent_role\": \"发散探索Agent\", \"debate_round\": 0, \"conclusion\": \"不符合\", \"stance\": \"待定\", \"confidence\": 0.75, \"evidence_refs\": [], \"reasoning\": \"【已查证的】系统当前显示0项证据，数据库表无法访问，无法获取任何关键信息。【尚未核实的】1) 该人员的基本信息（姓名、性别、出生日期、生存状态、就业状态）完全未知；2) 是否存在有效的灵活就业登记记录未核实；3) 社保缴费情况（缴费基数、缴费时间段、险种类型）完全缺失；4) 是否存在全日制用工登记、股东登记、个体工商户登记等冲突信息无法查询；5) 险种变更记录、退休年龄等关键信息无法获取。【存在疑点的】证据概览显示\'共0项证据\'，这表明要么数据尚未采集，要么系统存在数据访问异常。对于灵活就业社保补贴资格认定，至少需要核实：身份有效性、就业状态、社保缴费情况、是否存在禁止性情形等核心要件，当前全部缺失。\", \"dissent_points\": [\"证据完全缺失：当前证据概览显示0项证据，无法支撑任何资格认定结论，这是典型的\'证据不足\'状态而非\'符合条件\'状态\", \"数据库访问异常：多次尝试查询均提示表不存在，系统可能存在数据源配置问题或权限限制，导致无法获取关键判定依据\", \"核心要件未核实：灵活就业社保补贴需要核实身份有效性、灵活就业登记真实性、社保缴费连续性、是否存在禁止性情形（如全日制就业、股东身份等），这些关键信息全部缺失\"], \"key_finding\": \"\"}, {\"agent_id\": \"agent_empirical\", \"agent_role\": \"经验归纳Agent\", \"debate_round\": 0, \"conclusion\": \"数据缺失\", \"stance\": \"待定\", \"confidence\": 0.3, \"evidence_refs\": [], \"reasoning\": \"此案呈现【模式E：数据矛盾型】特征。证据概览显示\'共0项证据\'，且所有数据库查询均返回\'Table doesn\'t exist\'错误，表明系统数据源存在严重问题。作为经验归纳Agent，我无法在零证据基础上进行模式识别。这种情况下，既不能判定\'符合\'也不能判定\'不符合\'，必须建议人工介入，先解决数据源问题。\", \"dissent_points\": [], \"key_finding\": \"\"}, {\"agent_id\": \"agent_auditor\", \"agent_role\": \"审计反驳Agent\", \"debate_round\": 0, \"conclusion\": \"数据缺失\", \"stance\": \"待定\", \"confidence\": 0.1, \"evidence_refs\": [], \"reasoning\": \"LLM 输出解析失败，原始片段: 基于我的审查，我发现了严重的问题：\\n\\n**核心问题：**\\n1. 证据概览显示\\\"共 0 项证据\\\"——完全没有证据支持\\n2. 数据库查询失败——关键表（emp_difficulty_recognition、flexible_employment_register、social_security_info）不存在\\n3. 无法获取任何基础数据来验证申请人的资格条件\\n\\n**审计判断：**\\n作为审计反驳Age\", \"dissent_points\": [\"LLM 输出不是有效 JSON\"], \"key_finding\": \"解析失败\"}], \"total\": 5, \"majority_stance\": \"待定\", \"majority_count\": 5, \"consensus_rate\": 1.0, \"is_consensus_reached\": true}], \"policy_id\": \"POLICY_001\", \"status\": \"completed\", \"source_endpoint\": \"/api/debate_stream\", \"started_at\": \"2026-03-25T12:21:53\", \"completed_at\": \"2026-03-25T12:32:19\", \"summary\": {\"status\": \"completed\", \"policy_id\": \"POLICY_001\", \"source_endpoint\": \"/api/debate_stream\", \"final_conclusion\": \"数据缺失\", \"final_stance\": \"待定\", \"consensus_rate\": 1.0, \"is_consensus_reached\": true, \"rounds_taken\": 0, \"evidence_count\": 0, \"agent_count\": 5}, \"evidence\": []}','2026-03-25 12:32:19'),('052c0e9e-e58e-4c6b-872d-d421acee72cb','42090219800101000A','POLICY_001','completed','/api/debate_stream','数据缺失','待定',1.0000,1,0,0,5,'2026-03-25 11:47:42','2026-03-25 11:50:11','{\"session_id\": \"052c0e9e-e58e-4c6b-872d-d421acee72cb\", \"id_card\": \"42090219800101000A\", \"evidence_count\": 0, \"rounds_taken\": 0, \"final_conclusion\": \"数据缺失\", \"final_stance\": \"待定\", \"consensus_rate\": 1.0, \"is_consensus_reached\": true, \"history\": [{\"round_num\": 0, \"judgments\": [{\"agent_id\": \"agent_strict\", \"agent_role\": \"严格合规Agent\", \"debate_round\": 0, \"conclusion\": \"数据缺失\", \"stance\": \"待定\", \"confidence\": 0.0, \"evidence_refs\": [], \"reasoning\": \"系统错误导致判断失败: \'EvidencePlanItem\' object has no attribute \'evidence_targets\'\", \"dissent_points\": [], \"key_finding\": \"系统调度异常\"}, {\"agent_id\": \"agent_lenient\", \"agent_role\": \"业务宽松Agent\", \"debate_round\": 0, \"conclusion\": \"数据缺失\", \"stance\": \"待定\", \"confidence\": 0.0, \"evidence_refs\": [], \"reasoning\": \"系统错误导致判断失败: \'EvidencePlanItem\' object has no attribute \'evidence_targets\'\", \"dissent_points\": [], \"key_finding\": \"系统调度异常\"}, {\"agent_id\": \"agent_explorer\", \"agent_role\": \"发散探索Agent\", \"debate_round\": 0, \"conclusion\": \"数据缺失\", \"stance\": \"待定\", \"confidence\": 0.0, \"evidence_refs\": [], \"reasoning\": \"系统错误导致判断失败: \'EvidencePlanItem\' object has no attribute \'evidence_targets\'\", \"dissent_points\": [], \"key_finding\": \"系统调度异常\"}, {\"agent_id\": \"agent_empirical\", \"agent_role\": \"经验归纳Agent\", \"debate_round\": 0, \"conclusion\": \"数据缺失\", \"stance\": \"待定\", \"confidence\": 0.0, \"evidence_refs\": [], \"reasoning\": \"系统错误导致判断失败: \'EvidencePlanItem\' object has no attribute \'evidence_targets\'\", \"dissent_points\": [], \"key_finding\": \"系统调度异常\"}, {\"agent_id\": \"agent_auditor\", \"agent_role\": \"审计反驳Agent\", \"debate_round\": 0, \"conclusion\": \"数据缺失\", \"stance\": \"待定\", \"confidence\": 0.0, \"evidence_refs\": [], \"reasoning\": \"系统错误导致判断失败: \'EvidencePlanItem\' object has no attribute \'evidence_targets\'\", \"dissent_points\": [], \"key_finding\": \"系统调度异常\"}], \"total\": 5, \"majority_stance\": \"待定\", \"majority_count\": 5, \"consensus_rate\": 1.0, \"is_consensus_reached\": true}], \"policy_id\": \"POLICY_001\", \"status\": \"completed\", \"source_endpoint\": \"/api/debate_stream\", \"started_at\": \"2026-03-25T11:47:42\", \"completed_at\": \"2026-03-25T11:50:10\", \"summary\": {\"status\": \"completed\", \"policy_id\": \"POLICY_001\", \"source_endpoint\": \"/api/debate_stream\", \"final_conclusion\": \"数据缺失\", \"final_stance\": \"待定\", \"consensus_rate\": 1.0, \"is_consensus_reached\": true, \"rounds_taken\": 0, \"evidence_count\": 0, \"agent_count\": 5}, \"evidence\": []}','2026-03-25 11:50:10'),('16103908-1902-416f-8138-0fdca4c61537','42090219700505000I','POLICY_001','completed','/api/debate_stream','数据缺失','待定',1.0000,1,0,6,5,'2026-03-24 16:07:57','2026-03-24 16:11:41','{\"session_id\": \"16103908-1902-416f-8138-0fdca4c61537\", \"id_card\": \"42090219700505000I\", \"evidence_count\": 6, \"rounds_taken\": 0, \"final_conclusion\": \"数据缺失\", \"final_stance\": \"待定\", \"consensus_rate\": 1.0, \"is_consensus_reached\": true, \"history\": [{\"round_num\": 0, \"judgments\": [{\"agent_id\": \"agent_strict\", \"agent_role\": \"严格合规Agent\", \"debate_round\": 0, \"conclusion\": \"不符合\", \"stance\": \"待定\", \"confidence\": 0.9, \"evidence_refs\": [], \"reasoning\": \"\", \"dissent_points\": [], \"key_finding\": \"\"}, {\"agent_id\": \"agent_lenient\", \"agent_role\": \"业务宽松Agent\", \"debate_round\": 0, \"conclusion\": \"数据缺失\", \"stance\": \"待定\", \"confidence\": 0.65, \"evidence_refs\": [], \"reasoning\": \"\", \"dissent_points\": [], \"key_finding\": \"\"}, {\"agent_id\": \"agent_explorer\", \"agent_role\": \"发散探索Agent\", \"debate_round\": 0, \"conclusion\": \"不符合\", \"stance\": \"待定\", \"confidence\": 0.75, \"evidence_refs\": [], \"reasoning\": \"作为发散探索Agent，我认为当前的证据链存在严重的断裂和系统性风险，无法支撑资格认定。具体分析如下：\\n\\n1. **已查证信息**：仅确认申请人持有“大龄失业人员”的就业困难认定类别，这是唯一的正面证据。\\n\\n2. **存在严重缺失的关键证据**：\\n- **生存状态未知**：[card_BASIC_PERSON_ACTIVE] 返回空记录。若申请人已死亡或户籍已迁出，则根本不具备申领资格，此为基础准入红线。\\n- **单位参保情况未知**：[card_EXCL_UNIT_INSURANCE] 数据缺失。灵活就业补贴的核心排他条件是“无单位参保”，缺失此证据无法判断是否存在隐性就业。\\n- **财政供养情况未知**：[card_INFER_FISCAL_SUPPORT] 数据缺失。无法排除申请人是否为体制内退休或财政供养人员。\\n\\n3. **系统性与逻辑疑点**：\\n- **系统拦截异常**：[card_EXCL_SHAREHOLDER] 和 [card_CALC_HISTORY_MONTHS] 均报错（超时、序列化失败）。这种技术性故障通常暗示底层数据存在复杂关联（如股东信息关联过多导致超时）或数据质量缺陷。\\n- **“完美”申请人的陷阱**：仅凭一项“就业困难认定”就试图通过审批，恰恰符合“证据过于单一”的风险特征。在缺乏生存验证和排他性审查的情况下，单一正面证据不足以采信。\", \"dissent_points\": [\"基础生存状态验证缺失：[card_BASIC_PERSON_ACTIVE] 显示无数据。必须优先排除申请人已死亡或状态异常的可能性，否则后续所有审核均无意义。\", \"隐性就业风险未排除：[card_EXCL_UNIT_INSURANCE] 数据缺失。申请人极可能存在未申报的单位就业或社保缴纳记录，这直接违反灵活就业补贴的排他性规定。\", \"系统异常背后的数据隐患：[card_CALC_HISTORY_MONTHS] 出现 \'Decimal is not JSON serializable\' 错误，这表明后台数据精度或格式存在异常，可能导致补贴金额核算错误或历史领取记录被掩盖。\", \"工商股东身份核查中断：[card_EXCL_SHAREHOLDER] 查询超时。在灵活就业认定中，拥有经营性实体是典型的排除项，系统未能穿透核查，留下了违规领取补贴的重大隐患。\"], \"key_finding\": \"\"}, {\"agent_id\": \"agent_empirical\", \"agent_role\": \"经验归纳Agent\", \"debate_round\": 0, \"conclusion\": \"数据缺失\", \"stance\": \"待定\", \"confidence\": 0.4, \"evidence_refs\": [], \"reasoning\": \"此案呈现出典型的【模式E：数据矛盾/系统异常型】特征。虽然申请人持有有效的\'大龄失业人员\'认定（符合标准合规型的一个节点），但后续的关键核验环节出现大面积系统瘫痪：工商股东查询超时、精算逻辑报错、基础状态与参保记录查无数据。在审核经验中，当排除性风险（工商、单位参保）无法查证，且基础生存状态都无法确认时，无法将其归类为合规或欺诈。这属于严重的系统数据质量问题或接口异常，必须修复底层接口数据后方可判断。因此，经验上判定为\'数据缺失\'，建议人工介入进行系统排查。\", \"dissent_points\": [], \"key_finding\": \"\"}, {\"agent_id\": \"agent_auditor\", \"agent_role\": \"审计反驳Agent\", \"debate_round\": 0, \"conclusion\": \"数据缺失\", \"stance\": \"待定\", \"confidence\": 0.1, \"evidence_refs\": [], \"reasoning\": \"LLM 输出解析失败，原始片段: ```json\\n{\\n  \\\"agent_id\\\": \\\"audit_refutation_agent\\\",\\n  \\\"debate_round\\\": 0,\\n  \\\"final_decision\\\": \\\"不符合\\\",\\n  \\\"confidence\\\": 0.85,\\n\", \"dissent_points\": [\"LLM 输出不是有效 JSON\"], \"key_finding\": \"解析失败\"}], \"total\": 5, \"majority_stance\": \"待定\", \"majority_count\": 5, \"consensus_rate\": 1.0, \"is_consensus_reached\": true}], \"status\": \"completed\", \"source_endpoint\": \"/api/debate_stream\", \"started_at\": \"2026-03-24T16:07:57\", \"completed_at\": \"2026-03-24T16:11:41\", \"summary\": {\"status\": \"completed\", \"source_endpoint\": \"/api/debate_stream\", \"final_conclusion\": \"数据缺失\", \"final_stance\": \"待定\", \"consensus_rate\": 1.0, \"is_consensus_reached\": true, \"rounds_taken\": 0, \"evidence_count\": 6, \"agent_count\": 5}, \"evidence\": [{\"evidence_id\": \"plan_basic_hardship_category\", \"rule_id\": \"BASIC_HARDSHIP_CATEGORY\", \"target_id_card\": \"42090219700505000I\", \"target\": \"申请人是否具有有效的就业困难人员认定类别？\", \"category\": \"BASIC\", \"sql\": \"SELECT\\n    hardship_category\\nFROM\\n    hardship_certification\\nWHERE\\n    id_card = \'42090219700505000I\'\\n    AND is_valid = \'1\'\\n    AND (cancel_date IS NULL OR cancel_date > CURDATE())\\nORDER BY\\n    apply_date DESC\\nLIMIT 1;\", \"result_raw\": [{\"hardship_category\": \"大龄失业人员\"}], \"result_summary\": \"已查实申请人当前持有“大龄失业人员”的就业困难人员认定类别。\", \"time_range\": null, \"supports_conclusion\": true, \"confidence\": 1.0, \"exec_status\": \"success\", \"created_at\": \"2026-03-25T00:08:42\"}, {\"evidence_id\": \"plan_basic_person_active\", \"rule_id\": \"BASIC_PERSON_ACTIVE\", \"target_id_card\": \"42090219700505000I\", \"target\": \"申请人是否处于存活且系统有效的基础状态？\", \"category\": \"BASIC\", \"sql\": \"SELECT\\n    id_card,\\n    name,\\n    life_status,\\n    system_status\\nFROM\\n    person\\nWHERE\\n    id_card = \'42090219700505000I\'\\n    AND life_status = \'生存\'\\n    AND system_status = \'1\';\", \"result_raw\": [], \"result_summary\": \"数据库未返回任何记录。未能查证到当前事实。\", \"time_range\": null, \"supports_conclusion\": false, \"confidence\": 0.5, \"exec_status\": \"no_data\", \"created_at\": \"2026-03-25T00:08:59\"}, {\"evidence_id\": \"plan_excl_shareholder\", \"rule_id\": \"EXCL_SHAREHOLDER\", \"target_id_card\": \"42090219700505000I\", \"target\": \"申请人是否存在会触发排除的企业股东或工商主体身份？\", \"category\": \"EXCL\", \"sql\": \"SQL 生成与执行链路遭受毁灭性破坏\", \"result_raw\": [], \"result_summary\": \"系统保护性拦截异常: Request timed out.\", \"time_range\": null, \"supports_conclusion\": null, \"confidence\": 0.0, \"exec_status\": \"failed\", \"created_at\": \"2026-03-25T00:09:16\"}, {\"evidence_id\": \"plan_excl_unit_insurance\", \"rule_id\": \"EXCL_UNIT_INSURANCE\", \"target_id_card\": \"42090219700505000I\", \"target\": \"申请期间是否存在单位缴纳医保记录，导致不满足灵活就业补贴条件？\", \"category\": \"EXCL\", \"sql\": \"SELECT \\n    id_card,\\n    pay_month,\\n    insurer_status,\\n    company_id\\nFROM \\n    social_insurance_payment\\nWHERE \\n    id_card = \'42090219700505000I\'\\n    AND is_valid = \'1\'\\n    AND insurance_type = \'310\'\\n    AND insurer_status = \'101\'\\nORDER BY \\n    pay_month DESC;\", \"result_raw\": [], \"result_summary\": \"数据库未返回任何记录。未能查证到当前事实。\", \"time_range\": null, \"supports_conclusion\": null, \"confidence\": 0.5, \"exec_status\": \"no_data\", \"created_at\": \"2026-03-25T00:09:28\"}, {\"evidence_id\": \"plan_infer_fiscal_support\", \"rule_id\": \"INFER_FISCAL_SUPPORT\", \"target_id_card\": \"42090219700505000I\", \"target\": \"申请人是否存在财政供养或类似公共部门供养的高风险线索？\", \"category\": \"INFER\", \"sql\": \"SELECT \\n    ci.company_name,\\n    ci.company_type,\\n    sip.pay_month,\\n    sip.insurance_type,\\n    sip.insurer_status,\\n    sip.pay_base\\nFROM \\n    social_insurance_payment sip\\nJOIN \\n    company_info ci ON sip.company_id = ci.company_id\\nWHERE \\n    sip.id_card = \'42090219700505000I\'\\n    AND sip.is_valid = \'1\'\\n    AND ci.is_valid = \'1\'\\n    AND ci.company_type IN (\'机关单位\', \'事业单位\')\\n    AND sip.insurer_status = \'101\'\\nORDER BY \\n    sip.pay_month DESC;\", \"result_raw\": [], \"result_summary\": \"数据库未返回任何记录。未能查证到当前事实。\", \"time_range\": null, \"supports_conclusion\": null, \"confidence\": 0.5, \"exec_status\": \"no_data\", \"created_at\": \"2026-03-25T00:10:13\"}, {\"evidence_id\": \"plan_calc_history_months\", \"rule_id\": \"CALC_HISTORY_MONTHS\", \"target_id_card\": \"42090219700505000I\", \"target\": \"申请人历史已领取月份与当前缴费月份是否满足精算核算需要？\", \"category\": \"CALC\", \"sql\": \"SQL 生成与执行链路遭受毁灭性破坏\", \"result_raw\": [], \"result_summary\": \"系统保护性拦截异常: Object of type Decimal is not JSON serializable\", \"time_range\": null, \"supports_conclusion\": null, \"confidence\": 0.0, \"exec_status\": \"failed\", \"created_at\": \"2026-03-25T00:10:39\"}]}','2026-03-24 16:11:41'),('6717ce9e-7c6f-4b79-9746-1d876551cd2a','42090219800101000A','POLICY_001','completed','/api/debate_stream','数据缺失','待定',1.0000,1,0,0,5,'2026-03-25 11:54:25','2026-03-25 11:56:04','{\"session_id\": \"6717ce9e-7c6f-4b79-9746-1d876551cd2a\", \"id_card\": \"42090219800101000A\", \"evidence_count\": 0, \"rounds_taken\": 0, \"final_conclusion\": \"数据缺失\", \"final_stance\": \"待定\", \"consensus_rate\": 1.0, \"is_consensus_reached\": true, \"history\": [{\"round_num\": 0, \"judgments\": [{\"agent_id\": \"agent_strict\", \"agent_role\": \"严格合规Agent\", \"debate_round\": 0, \"conclusion\": \"数据缺失\", \"stance\": \"待定\", \"confidence\": 0.0, \"evidence_refs\": [], \"reasoning\": \"系统错误导致判断失败: \'EvidencePlanItem\' object has no attribute \'question_id\'\", \"dissent_points\": [], \"key_finding\": \"系统调度异常\"}, {\"agent_id\": \"agent_lenient\", \"agent_role\": \"业务宽松Agent\", \"debate_round\": 0, \"conclusion\": \"数据缺失\", \"stance\": \"待定\", \"confidence\": 0.0, \"evidence_refs\": [], \"reasoning\": \"系统错误导致判断失败: \'EvidencePlanItem\' object has no attribute \'question_id\'\", \"dissent_points\": [], \"key_finding\": \"系统调度异常\"}, {\"agent_id\": \"agent_explorer\", \"agent_role\": \"发散探索Agent\", \"debate_round\": 0, \"conclusion\": \"数据缺失\", \"stance\": \"待定\", \"confidence\": 0.0, \"evidence_refs\": [], \"reasoning\": \"系统错误导致判断失败: \'EvidencePlanItem\' object has no attribute \'question_id\'\", \"dissent_points\": [], \"key_finding\": \"系统调度异常\"}, {\"agent_id\": \"agent_empirical\", \"agent_role\": \"经验归纳Agent\", \"debate_round\": 0, \"conclusion\": \"数据缺失\", \"stance\": \"待定\", \"confidence\": 0.0, \"evidence_refs\": [], \"reasoning\": \"系统错误导致判断失败: \'EvidencePlanItem\' object has no attribute \'question_id\'\", \"dissent_points\": [], \"key_finding\": \"系统调度异常\"}, {\"agent_id\": \"agent_auditor\", \"agent_role\": \"审计反驳Agent\", \"debate_round\": 0, \"conclusion\": \"数据缺失\", \"stance\": \"待定\", \"confidence\": 0.0, \"evidence_refs\": [], \"reasoning\": \"系统错误导致判断失败: \'EvidencePlanItem\' object has no attribute \'question_id\'\", \"dissent_points\": [], \"key_finding\": \"系统调度异常\"}], \"total\": 5, \"majority_stance\": \"待定\", \"majority_count\": 5, \"consensus_rate\": 1.0, \"is_consensus_reached\": true}], \"policy_id\": \"POLICY_001\", \"status\": \"completed\", \"source_endpoint\": \"/api/debate_stream\", \"started_at\": \"2026-03-25T11:54:25\", \"completed_at\": \"2026-03-25T11:56:03\", \"summary\": {\"status\": \"completed\", \"policy_id\": \"POLICY_001\", \"source_endpoint\": \"/api/debate_stream\", \"final_conclusion\": \"数据缺失\", \"final_stance\": \"待定\", \"consensus_rate\": 1.0, \"is_consensus_reached\": true, \"rounds_taken\": 0, \"evidence_count\": 0, \"agent_count\": 5}, \"evidence\": []}','2026-03-25 11:56:03'),('67a08dca-5e71-41a7-a253-3ec62a35f27a','42090219760310000D','POLICY_001','completed','/api/debate_stream','数据缺失','待定',0.6000,0,2,21,5,'2026-03-24 07:35:35','2026-03-24 07:42:07','{\"session_id\": \"67a08dca-5e71-41a7-a253-3ec62a35f27a\", \"id_card\": \"42090219760310000D\", \"evidence_count\": 21, \"rounds_taken\": 2, \"final_conclusion\": \"数据缺失\", \"final_stance\": \"待定\", \"consensus_rate\": 0.6, \"is_consensus_reached\": false, \"history\": [{\"round_num\": 0, \"judgments\": [{\"agent_id\": \"agent_strict\", \"agent_role\": \"严格合规Agent\", \"debate_round\": 0, \"conclusion\": \"不符合\", \"stance\": \"反对通过\", \"confidence\": 0.95, \"evidence_refs\": [\"BASIC_003\", \"BASIC_004\", \"BASIC_005\"], \"reasoning\": \"依据核心规则摘要，基础条件必须全部满足，其中第3、4、5项明确要求有有效的灵活就业登记、失业登记及就业困难人员认定记录。证据BASIC_003、BASIC_004、BASIC_005显示这三项关键条件均为\'查无数据\'（no_data）。作为严格合规Agent，我认为\'无数据\'即代表\'条件未满足\'，不存在\'数据缺失\'的中间状态。既然基础条件缺失，申请人资格认定无法通过。\", \"dissent_points\": [\"对于排斥条件检查（EXCL_001-006）均为\'no_data\'的情况，虽未直接触发排斥，但并不代表申请人\'清白\'，仅代表当前数据不足以支撑排斥判定，不应因此放松对基础条件的审核。\"], \"key_finding\": \"基础必要条件中，灵活就业登记、失业登记、就业困难认定三项核心证据均为\'查无数据\'，直接导致资格不符。\"}, {\"agent_id\": \"agent_lenient\", \"agent_role\": \"业务宽松Agent\", \"debate_round\": 0, \"conclusion\": \"数据缺失\", \"stance\": \"待定\", \"confidence\": 0.65, \"evidence_refs\": [\"BASIC_003\", \"BASIC_004\", \"BASIC_005\", \"EXCL_001\"], \"reasoning\": \"虽然申请人满足生存状态、户籍要求（BASIC_001, BASIC_002）且未发现明确的工商注册排斥项（EXCL_001-006均为no_data），但核心基础条件存在严重缺失。依据核心规则，有效的灵活就业登记、失业登记及就业困难人员认定是资格认定的大门，目前证据BASIC_003、BASIC_004、BASIC_005均显示\'查无数据\'。作为经办视角，虽然排斥条件未触发是利好，但必要条件缺失无法直接通过，需补充核查关键身份记录。\", \"dissent_points\": [\"申请人已缴纳202602月灵活就业养老社保（EXCL_009），表明有实际参保意愿和行为，建议优先核查是否为系统录入滞后导致的基础数据缺失\", \"所有工商及股东查询均为no_data，从实操角度看属于\'清白\'状态，不应因此阻碍申请\"], \"key_finding\": \"核心必要条件（灵活就业登记、失业登记、困难认定）均查无数据，导致资格认定缺乏基础支撑。\"}, {\"agent_id\": \"agent_explorer\", \"agent_role\": \"发散探索Agent\", \"debate_round\": 0, \"conclusion\": \"数据缺失\", \"stance\": \"待定\", \"confidence\": 0.45, \"evidence_refs\": [\"BASIC_003\", \"BASIC_004\", \"BASIC_005\", \"EXCL_001\", \"EXCL_008\", \"CALC_004\"], \"reasoning\": \"已查证申请人赵争议为男性且未达退休年龄，户籍与生存状态均正常，且有1条灵活就业养老缴费记录。然而，核心的基础资格条件中，灵活就业登记记录[BASIC_003]、失业登记记录[BASIC_004]及就业困难人员认定[BASIC_005]均显示\'证据缺失\'，无法确认申请人是否具备申领资格的准入身份。此外，关键的排斥性检查如个体工商户身份[EXCL_001]、企业股东状态[EXCL_005]及医保单位缴费情况[EXCL_008]也处于无数据状态，存在重大审核盲区。\", \"dissent_points\": [\"申请人仅有202602这1个月的缴费记录，且当前系统日期为20260321，缴费连续性和稳定性存疑，需核实是否存在断缴风险\", \"就业困难人员认定类别缺失，无法判断其是否符合政策允许的类别范围，也无法确定精算规则中\'高校毕业生\'条款是否适用\", \"医保单位缴费记录[EXCL_008]缺失，无法排除申请人目前正处于全日制用工状态但仅自行缴纳养老保险的可能性\"], \"key_finding\": \"申请人缺失\'就业困难人员认定\'这一核心准入证据，且多项排斥性检查无数据，无法判定资格。\"}, {\"agent_id\": \"agent_empirical\", \"agent_role\": \"经验归纳Agent\", \"debate_round\": 0, \"conclusion\": \"数据缺失\", \"stance\": \"待定\", \"confidence\": 0.9, \"evidence_refs\": [\"BASIC_003\", \"BASIC_004\", \"BASIC_005\", \"EXCL_008\"], \"reasoning\": \"此案呈现出典型的【模式E：数据矛盾型】特征，虽然基础身份与户籍信息（BASIC_001, BASIC_002）完整，且有灵活就业社保缴费记录（EXCL_009），但核心业务链条证据全面缺失。申请人缺失失业登记（BASIC_004）、就业困难认定（BASIC_005）及灵活就业登记（BASIC_003）三项关键资质证明，无法构建\'失业-困难-灵活就业\'的标准合规模式（模式A）。同时，排斥条件中的工商记录与医保单位缴费记录（EXCL_008）均为查无数据，无法完全排除隐性欺诈（模式B）风险。经验表明，这种\'有缴费无业务流转数据\'的情况多见于系统数据同步滞后或跨部门数据未归集，必须人工介入核实。\", \"dissent_points\": [\"缺失就业困难人员认定（BASIC_005）是硬伤，若无此认定，即便缴费也属不符合政策范围\", \"医保缴费记录缺失（EXCL_008），无法排除申领期间已由单位缴纳职工医保的可能性\"], \"key_finding\": \"核心业务链条三要素（失业登记、困难认定、灵活就业登记）证据全无，无法确认申请人的基础资格。\"}, {\"agent_id\": \"agent_auditor\", \"agent_role\": \"审计反驳Agent\", \"debate_round\": 0, \"conclusion\": \"不符合\", \"stance\": \"反对通过\", \"confidence\": 0.95, \"evidence_refs\": [\"BASIC_003\", \"BASIC_004\", \"BASIC_005\"], \"reasoning\": \"依据核心规则摘要，基础条件必须全部满足且需要\'积极证据\'支撑。证据BASIC_003、BASIC_004、BASIC_005均显示\'查无数据\'，这意味着申请人缺失\'灵活就业登记\'、\'失业登记\'及\'就业困难人员认定\'三项必要资质。作为审计反驳Agent，我认为\'查无数据\'即代表该项条件未被证实满足，属于关键资质缺失，而非简单的数据问题。在缺乏这三项核心准入凭证的情况下，申请人的资格认定链条断裂，无法通过合规性审查。\", \"dissent_points\": [\"基础条件存在三项关键缺失（BASIC_003/004/005），无法证明申请人具备申领补贴的法定身份资质。\", \"排斥条件（EXCL_001-006）虽然显示\'查无数据\'，但这仅代表\'暂未发现违规记录\'，不能作为\'合规\'的充分依据，需警惕数据滞后风险。\", \"申请人仅有一条202602的缴费记录（CALC_004），时间点过于单一，存在突击缴费骗取补贴资格的嫌疑，建议核查其缴费连续性。\"], \"key_finding\": \"申请人缺失灵活就业登记、失业登记及就业困难认定三项核心基础证据，不满足申领资格。\"}], \"total\": 5, \"majority_stance\": \"待定\", \"majority_count\": 3, \"consensus_rate\": 0.6, \"is_consensus_reached\": false}, {\"round_num\": 1, \"judgments\": [{\"agent_id\": \"agent_strict\", \"agent_role\": \"严格合规Agent\", \"debate_round\": 1, \"conclusion\": \"不符合\", \"stance\": \"反对通过\", \"confidence\": 0.95, \"evidence_refs\": [\"BASIC_003\", \"BASIC_004\", \"BASIC_005\"], \"reasoning\": \"依据核心规则摘要，基础条件必须全部满足且需有明确证据支撑。证据BASIC_003、BASIC_004、BASIC_005均显示\'查无数据\'，明确表明申请人缺失\'灵活就业登记\'、\'失业登记\'及\'就业困难人员认定\'三项法定必要资质。作为严格合规Agent，\'查无数据\'等同于条件未满足，不存在\'数据缺失\'的中间状态，必须直接判定为不符合。申请人虽有缴费记录(EXCL_009)，但无法弥补准入资格的硬性缺失，资格认定链条断裂。\", \"dissent_points\": [\"坚决反驳\'数据缺失\'的定性，政策执行不存在模糊空间，无证据即不合规。\", \"对其他Agent提出的\'系统录入滞后\'或\'有缴费意愿\'等理由不予认可，技术原因不能作为突破政策红线的借口。\", \"申请人仅有一条缴费记录，且缺失核心身份认定，存在突击办理嫌疑，必须严守准入关口。\"], \"key_finding\": \"申请人缺失就业困难人员认定、失业登记及灵活就业登记三项核心基础资质证据，直接触发\'基础条件不满足\'条款。\"}, {\"agent_id\": \"agent_lenient\", \"agent_role\": \"业务宽松Agent\", \"debate_round\": 1, \"conclusion\": \"数据缺失\", \"stance\": \"待定\", \"confidence\": 0.65, \"evidence_refs\": [\"BASIC_003\", \"BASIC_004\", \"BASIC_005\", \"EXCL_009\", \"BASIC_001\"], \"reasoning\": \"依据核心规则，申请人必须具备有效的就业困难人员认定、失业登记及灵活就业登记，目前证据BASIC_003、BASIC_004、BASIC_005均显示\'查无数据\'，属于关键资质链条断裂。从基层实操角度看，申请人已有202602月的灵活就业养老缴费记录（EXCL_009），且排斥条件均未触发，说明具备实质性就业意愿。但鉴于\'就业困难认定\'是申领补贴的法定门槛，缺失此项无法通过合规性审查。建议暂不判定为\'不符合\'，而是退回社区核实是否存在系统数据同步滞后或纸质档案未录入情况。\", \"dissent_points\": [\"反对\'严格合规Agent\'将\'数据缺失\'直接等同于\'条件不满足\'的机械化判断，这可能导致真正困难的群众因系统录入延迟而被拒。\", \"申请人仅有1个月缴费记录（202602），虽符合\'有记录\'的最低要求，但需核实后续是否持续缴费，避免\'突击缴费\'套取补贴风险。\"], \"key_finding\": \"申请人具备灵活就业实质行为（已缴费），但缺失\'就业困难人员认定\'等三项关键准入资质数据，无法直接审批。\"}, {\"agent_id\": \"agent_explorer\", \"agent_role\": \"发散探索Agent\", \"debate_round\": 1, \"conclusion\": \"数据缺失\", \"stance\": \"待定\", \"confidence\": 0.75, \"evidence_refs\": [\"BASIC_003\", \"BASIC_004\", \"BASIC_005\", \"EXCL_009\", \"CALC_004\", \"EXCL_007\"], \"reasoning\": \"已查证申请人满足生存与户籍条件（BASIC_001, BASIC_002），且有一条202602月的灵活就业养老缴费记录（EXCL_009）。然而，核心的基础业务链条证据全面缺失，灵活就业登记（BASIC_003）、失业登记（BASIC_004）、就业困难认定（BASIC_005）均显示\'查无数据\'，无法构建完整的资格认定闭环。更严重的是，申请人男性，1976年3月出生，2026年3月系统当前日期恰逢其50周岁（EXCL_007），处于法定退休年龄判定的敏感节点，需确认其是否存在特殊工种或干部身份导致的退休年龄差异。此外，仅有的1个月缴费记录（CALC_004）与缺失的登记记录之间存在时间线上的逻辑断裂。\", \"dissent_points\": [\"时间线异常：申请人仅缴纳了202602月这一个月的社保（CALC_004），且当前日期为20260321，这种\'单月缴费\'且紧邻申请期的情况，极有可能是为了骗取补贴资格而进行的突击缴费，缺乏长期从事灵活就业的真实性佐证。\", \"关键排斥项数据真空：EXCL_001至EXCL_006（工商个体、法人、股东）及EXCL_008（医保单位缴费）均为\'查无数据\'，这种大面积的数据空白在真实业务场景中属于异常\'干净\'，不能排除跨部门数据归集滞后或身份冒用的风险，需人工穿透核查。\", \"退休年龄边界风险：申请人性别为男，1976年3月10日出生，系统当前日期为2026年3月21日，意味着申请人本月刚满50周岁。虽然男性通常退休年龄为60岁，但需核实是否存在提前退休的特殊情形，否则精算规则中的\'距退休月数\'可能存在计算偏差。\"], \"key_finding\": \"申请人存在\'有缴费无登记\'的数据割裂现象，且缴费月数仅为1个月，结合其刚满50周岁的时间节点，存在明显的突击参保与身份存疑风险。\"}, {\"agent_id\": \"agent_empirical\", \"agent_role\": \"经验归纳Agent\", \"debate_round\": 1, \"conclusion\": \"数据缺失\", \"stance\": \"待定\", \"confidence\": 0.8, \"evidence_refs\": [\"BASIC_003\", \"BASIC_004\", \"BASIC_005\", \"CALC_004\"], \"reasoning\": \"此案呈现出典型的\'数据断层\'模式，与【模式E：数据矛盾型】高度相似。虽然申请人具备户籍和生存状态的基础锚点（BASIC_001/002），且有一条202602的灵活就业缴费记录（EXCL_009），但核心的\'三步走\'资质链条（失业登记BASIC_004、困难认定BASIC_005、灵活就业登记BASIC_003）全线处于\'查无数据\'状态。依据经验，这种\'有缴费无登记\'的现象通常暗示跨系统数据未同步或业务办理流程缺失，而非简单的\'合规\'。此外，仅凭单月缴费记录（CALC_004）难以判断其就业稳定性，存在突击缴费嫌疑。\", \"dissent_points\": [\"申请人仅有一笔202602的缴费记录，且系统日期为20260321，存在极大的\'断缴\'风险，不符合\'持续缴费\'的常规合规模式。\", \"核心资质（失业登记、困难认定）的全项缺失不能简单等同于\'无违规\'，这属于资格认定的\'真空地带\'，必须补正数据后方可判断。\"], \"key_finding\": \"申请人处于\'有缴费行为无业务登记\'的异常状态，核心资质链条断裂，无法确认其准入资格。\"}, {\"agent_id\": \"agent_auditor\", \"agent_role\": \"审计反驳Agent\", \"debate_round\": 1, \"conclusion\": \"不符合\", \"stance\": \"反对通过\", \"confidence\": 0.95, \"evidence_refs\": [\"BASIC_003\", \"BASIC_004\", \"BASIC_005\"], \"reasoning\": \"依据核心规则摘要，基础条件必须\'全部满足，缺任一即不符合\'。证据BASIC_003、BASIC_004、BASIC_005均显示\'查无数据\'，导致\'有有效的灵活就业登记\'、\'有有效的失业登记\'、\'有有效的就业困难人员认定\'这三项基础必要条件明确缺失。作为审计反驳Agent，我必须指出：合规需要\'积极证据\'，\'查无数据\'不等于\'条件满足\'，而是明确指向\'条件缺失\'。既然基础条件存在硬性缺失，申请人资格理应判定为\'不符合\'，而非模棱两可的\'数据缺失\'。\", \"dissent_points\": [\"业务宽松Agent提出的\'有缴费即代表有意愿\'属于典型的逻辑跳跃，缴费行为不能替代法定的登记与认定程序，不能作为豁免基础条件缺失的理由。\", \"发散探索Agent质疑的\'缴费连续性\'和\'医保单位缴纳\'虽有必要，但属于次要矛盾；当前主要矛盾是基础资质的全盘缺失，不应避重就轻。\", \"经验归纳Agent将其定义为\'数据矛盾型\'并建议人工介入，这在审计视角下是不可接受的行政成本浪费；规则明确\'缺任一即不符合\'，应直接驳回而非转入人工核查流程。\"], \"key_finding\": \"申请人缺失失业登记、就业困难认定及灵活就业登记三项核心资质证据，触犯\'缺任一即不符合\'的硬性规则。\"}], \"total\": 5, \"majority_stance\": \"待定\", \"majority_count\": 3, \"consensus_rate\": 0.6, \"is_consensus_reached\": false}, {\"round_num\": 2, \"judgments\": [{\"agent_id\": \"agent_strict\", \"agent_role\": \"严格合规Agent\", \"debate_round\": 2, \"conclusion\": \"不符合\", \"stance\": \"反对通过\", \"confidence\": 0.95, \"evidence_refs\": [\"BASIC_003\", \"BASIC_004\", \"BASIC_005\"], \"reasoning\": \"依据核心规则摘要，基础条件必须\'全部满足，缺任一即不符合\'。证据BASIC_003、BASIC_004、BASIC_005均显示\'查无数据\'，导致\'有有效的灵活就业登记\'、\'有有效的失业登记\'、\'有有效的就业困难人员认定\'这三项基础必要条件明确缺失。作为严格合规Agent，我必须指出：合规需要\'积极证据\'，\'查无数据\'不等于\'条件满足\'，而是明确指向\'条件缺失\'。既然基础条件存在硬性缺失，申请人资格理应判定为\'不符合\'，而非模棱两可的\'数据缺失\'。\", \"dissent_points\": [\"坚决反驳业务宽松Agent关于\'数据缺失\'不等于\'条件不满足\'的观点，在行政审批中，无法提供有效证明材料即视为条件不满足，这是政策执行的底线。\", \"驳回\'退回社区核实\'的建议，系统数据标识无效或查无数据即为无效状态，不应将数据维护责任转嫁给审批流程，必须严格按系统现状判定。\", \"对于发散探索Agent提出的\'退休年龄边界风险\'，虽然申请人刚满50岁，但男性法定退休年龄为60岁，距离退休尚有10年，不存在规则模糊地带，不应以此为由模糊化核心条件的缺失。\"], \"key_finding\": \"核心资质链条（灵活就业登记、失业登记、就业困难认定）全线缺失，触发基础条件\'缺一即不符合\'的硬性规则，直接导致资格认定失败。\"}, {\"agent_id\": \"agent_lenient\", \"agent_role\": \"业务宽松Agent\", \"debate_round\": 2, \"conclusion\": \"数据缺失\", \"stance\": \"待定\", \"confidence\": 0.65, \"evidence_refs\": [\"BASIC_003\", \"BASIC_004\", \"BASIC_005\", \"EXCL_009\", \"EXCL_001\"], \"reasoning\": \"申请人赵争议满足生存状态、户籍等基础硬件条件（BASIC_001/002），且关键排斥项（工商登记、股东记录等）均为\'查无数据\'，从实操角度看属于\'无违规记录\'的利好情形。申请人已缴纳202602月灵活就业养老保险（EXCL_009），证明其有真实就业意愿及实际参保行为。然而，核心业务链条中的灵活就业登记（BASIC_003）、失业登记（BASIC_004）及就业困难认定（BASIC_005）均显示\'查无数据\'，这通常是由于跨部门数据同步滞后或系统录入延迟导致，不应直接等同于\'条件缺失\'。鉴于申请人刚满50岁（CALC_003），处于退休年龄判定的敏感节点，且仅有单月缴费记录，需进一步核实其岗位性质及登记档案。\", \"dissent_points\": [\"反对\'查无数据即不符合\'的机械判定，数据系统常有1-2个月的同步滞后，申请人已有实际缴费行为（EXCL_009），应视为实质条件正在达成，建议人工核查线下档案而非直接驳回。\", \"申请人男性刚满50周岁（CALC_003），需核实其是否属于特殊工种或管理岗位，若按55岁退休计算则距退休尚有5年，符合补贴申领的时间跨度要求。\"], \"key_finding\": \"申请人已实际缴纳灵活就业社保且无任何工商股东排斥记录，但核心登记数据全项缺失，属于典型的\'有实无据\'，需转入人工核实线下档案。\"}, {\"agent_id\": \"agent_explorer\", \"agent_role\": \"发散探索Agent\", \"debate_round\": 2, \"conclusion\": \"数据缺失\", \"stance\": \"待定\", \"confidence\": 0.65, \"evidence_refs\": [\"BASIC_003\", \"BASIC_004\", \"BASIC_005\", \"EXCL_001\", \"CALC_004\"], \"reasoning\": \"已查证申请人户籍与生存状态正常[BASIC_001/002]，且有一条202602月的灵活就业养老缴费记录[EXCL_009]。然而，核心的就业困难人员认定、失业登记及灵活就业登记三项关键资质证据均显示\'查无数据\'[BASIC_003/004/005]，导致资格认定链条断裂。我特别注意到排斥条件中的工商身份核查也处于\'证据缺失\'状态[EXCL_001-006]，这意味着不能简单认定\'无违规\'。此外，仅有单月缴费记录[CALC_004]且查询时点为20260321，存在极大的\'突击缴费\'或\'断缴\'风险，数据完整性严重不足。\", \"dissent_points\": [\"排斥条件核查中，工商登记信息（个体户、企业法人、股东）全项缺失[EXCL_001-006]，这是潜在的\'隐性违规\'风险点，不能因\'查无数据\'就默认为\'无工商身份\'，必须补查。\", \"缴费记录存在\'孤证\'风险：系统当前日期为20260321，仅查到202602单月缴费[EXCL_009]，若申请人3月未缴费，则不符合\'持续缴费\'的常规逻辑，存在为申领补贴而突击补缴的嫌疑。\", \"医保缴纳状态缺失[EXCL_008]是重大漏洞，若申请人申领期间医保由单位缴纳，将直接触发排斥条件，此关键数据的缺失使得\'无单位就业\'的假设站不住脚。\", \"其他Agent争论的焦点在于\'无数据是否等于不符合\'，但我认为更应关注\'有缴费无登记\'这一异常现象背后的真实原因，是否存在跨系统数据不同步或违规补办手续的情况。\"], \"key_finding\": \"核心排斥条件（工商身份、医保缴纳状态）与核心准入条件（就业困难认定、失业登记）同时出现大面积数据缺失，且仅有单月缴费记录，无法构建完整的合规证据链。\"}, {\"agent_id\": \"agent_empirical\", \"agent_role\": \"经验归纳Agent\", \"debate_round\": 2, \"conclusion\": \"数据缺失\", \"stance\": \"待定\", \"confidence\": 0.8, \"evidence_refs\": [\"BASIC_003\", \"BASIC_004\", \"BASIC_005\", \"EXCL_009\", \"CALC_004\"], \"reasoning\": \"此案呈现出典型的【模式E：数据矛盾型】特征，而非简单的\'不符合\'。虽然申请人缺失失业登记、就业困难认定等核心资质证据（BASIC_003至BASIC_005），看似符合\'不符合\'判定，但申请人已有一条明确的灵活就业养老缴费记录（EXCL_009, CALC_004）。依据经验，若无前置的就业困难认定，系统逻辑上不应允许以灵活就业身份参保并产生缴费记录，这种\'有缴费无登记\'的现象强烈暗示了跨部门数据同步滞后或系统录入延迟。此外，申请人当前正处于50周岁生日当月（EXCL_007），身份状态敏感，简单驳回可能引发行政争议。因此，本案属于关键证据链断裂但存在实质性业务留痕的复杂情况，必须人工介入核实。\", \"dissent_points\": [\"反对\'严格合规Agent\'与\'审计反驳Agent\'将\'查无数据\'直接等同于\'条件缺失\'的机械化判断，忽略了已产生的缴费记录（EXCL_009）所隐含的潜在资格逻辑，这种判断在数据归集滞后的现实场景中极易造成误判。\", \"对\'发散探索Agent\'提出的\'突击缴费骗保\'风险表示认可，仅1个月的缴费记录（CALC_004）确实存在套取补贴嫌疑，需重点核查其缴费动机及后续是否持续。\", \"补充质疑：申请人刚满50周岁（男性），需人工确认其是否存在特殊工种或干部身份导致的退休年龄差异，这将直接影响精算规则中的\'距退休月数\'计算。\"], \"key_finding\": \"申请人\'有灵活就业缴费记录但无就业困难认定\'，呈现出典型的系统数据不同步矛盾，需人工核实是否存在档案滞后。\"}, {\"agent_id\": \"agent_auditor\", \"agent_role\": \"审计反驳Agent\", \"debate_round\": 2, \"conclusion\": \"不符合\", \"stance\": \"反对通过\", \"confidence\": 0.85, \"evidence_refs\": [\"BASIC_003\", \"BASIC_004\", \"BASIC_005\", \"EXCL_009\", \"CALC_004\"], \"reasoning\": \"依据核心规则，基础条件必须\'全部满足\'且需有\'积极证据\'支撑。证据BASIC_003、BASIC_004、BASIC_005均显示\'查无数据\'，这意味着申请人缺失\'灵活就业登记\'、\'失业登记\'及\'就业困难人员认定\'三项法定必要资质，属于明确的条件缺失而非简单的数据不全。作为审计反驳Agent，我坚决反对将\'查无数据\'解读为中性状态，在资格认定中，无记录即未办理，必须判定为不合规。此外，申请人仅有一条202602月的缴费记录（CALC_004），且系统日期为20260321，这种\'单月缴费\'紧邻申请期的行为具有极高的\'突击缴费\'套取补贴嫌疑，不符合社保补贴旨在帮扶长期困难人员的政策初衷。\", \"dissent_points\": [\"反驳\'数据缺失\'定性：BASIC_003/004/005三项核心资质均为\'查无数据\'，这是明确的\'不满足条件\'，而非模糊的\'待定\'。将此判定为\'数据缺失\'会开启极大的合规漏洞，允许无资质人员进入申领流程。\", \"质疑\'突击缴费\'风险：申请人仅缴纳了202602这一个月的社保（CALC_004），缺乏长期从事灵活就业的真实性佐证。这种\'刚缴费即申领\'的行为模式在其他Agent的推理中被轻描淡写，但实际上是典型的欺诈特征。\", \"警惕排斥条件的\'数据真空\'：EXCL_001至EXCL_006均为\'查无数据\'，这种\'过于干净\'的记录反而值得警惕。\'未发现\'不等于\'不存在\'，在核心准入条件已明确缺失的情况下，无需再对排斥条件抱有侥幸心理。\"], \"key_finding\": \"申请人缺失就业困难认定、失业登记、灵活就业登记三项核心法定资质，且仅有的单月缴费记录存在明显的突击套取补贴嫌疑。\"}], \"total\": 5, \"majority_stance\": \"待定\", \"majority_count\": 3, \"consensus_rate\": 0.6, \"is_consensus_reached\": false}], \"status\": \"completed\", \"source_endpoint\": \"/api/debate_stream\", \"started_at\": \"2026-03-24T07:35:34\", \"completed_at\": \"2026-03-24T07:42:06\", \"summary\": {\"status\": \"completed\", \"source_endpoint\": \"/api/debate_stream\", \"final_conclusion\": \"数据缺失\", \"final_stance\": \"待定\", \"consensus_rate\": 0.6, \"is_consensus_reached\": false, \"rounds_taken\": 2, \"evidence_count\": 21, \"agent_count\": 5}, \"evidence\": [{\"evidence_id\": \"EXCL_001_000D\", \"rule_id\": \"EXCL_001\", \"target_id_card\": \"42090219760310000D\", \"target\": \"排斥检查：person表工商身份是否为个体工商户\", \"category\": \"排斥条件\", \"sql\": \"SELECT id_card, name, business_role\\n            FROM person\\n            WHERE id_card = :id_card\\n              AND business_role = \'个体工商户\'\", \"result_raw\": [], \"result_summary\": \"查无数据（排斥检查：person表工商身份是否为个体工商户）\", \"time_range\": null, \"supports_conclusion\": true, \"confidence\": 1.0, \"exec_status\": \"no_data\", \"created_at\": \"2026-03-24T15:35:35\"}, {\"evidence_id\": \"EXCL_002_000D\", \"rule_id\": \"EXCL_002\", \"target_id_card\": \"42090219760310000D\", \"target\": \"排斥检查：工商库中是否登记为有效个体工商户法人\", \"category\": \"排斥条件\", \"sql\": \"SELECT company_id, company_name, company_type, is_valid\\n            FROM company_info\\n            WHERE legal_person_id_card = :id_card\\n              AND company_type = \'个体工商户\'\\n              AND is_valid = \'1\'\", \"result_raw\": [], \"result_summary\": \"查无数据（排斥检查：工商库中是否登记为有效个体工商户法人）\", \"time_range\": null, \"supports_conclusion\": true, \"confidence\": 1.0, \"exec_status\": \"no_data\", \"created_at\": \"2026-03-24T15:35:35\"}, {\"evidence_id\": \"EXCL_003_000D\", \"rule_id\": \"EXCL_003\", \"target_id_card\": \"42090219760310000D\", \"target\": \"排斥检查：person表工商身份是否为企业法人\", \"category\": \"排斥条件\", \"sql\": \"SELECT id_card, name, business_role\\n            FROM person\\n            WHERE id_card = :id_card\\n              AND business_role = \'企业法人\'\", \"result_raw\": [], \"result_summary\": \"查无数据（排斥检查：person表工商身份是否为企业法人）\", \"time_range\": null, \"supports_conclusion\": true, \"confidence\": 1.0, \"exec_status\": \"no_data\", \"created_at\": \"2026-03-24T15:35:35\"}, {\"evidence_id\": \"EXCL_004_000D\", \"rule_id\": \"EXCL_004\", \"target_id_card\": \"42090219760310000D\", \"target\": \"排斥检查：工商库中是否登记为有效企业法定代表人\", \"category\": \"排斥条件\", \"sql\": \"SELECT company_id, company_name, company_type, is_valid\\n            FROM company_info\\n            WHERE legal_person_id_card = :id_card\\n              AND company_type = \'企业\'\\n              AND is_valid = \'1\'\", \"result_raw\": [], \"result_summary\": \"查无数据（排斥检查：工商库中是否登记为有效企业法定代表人）\", \"time_range\": null, \"supports_conclusion\": true, \"confidence\": 1.0, \"exec_status\": \"no_data\", \"created_at\": \"2026-03-24T15:35:35\"}, {\"evidence_id\": \"EXCL_005_000D\", \"rule_id\": \"EXCL_005\", \"target_id_card\": \"42090219760310000D\", \"target\": \"排斥检查：是否存在有效的企业股东记录\", \"category\": \"排斥条件\", \"sql\": \"SELECT cs.relation_id, cs.company_id, ci.company_name,\\n                   cs.share_ratio, cs.is_valid\\n            FROM company_shareholder cs\\n            LEFT JOIN company_info ci ON cs.company_id = ci.company_id\\n            WHERE cs.id_card = :id_card\\n              AND cs.is_valid = \'1\'\", \"result_raw\": [], \"result_summary\": \"查无数据（排斥检查：是否存在有效的企业股东记录）\", \"time_range\": null, \"supports_conclusion\": true, \"confidence\": 1.0, \"exec_status\": \"no_data\", \"created_at\": \"2026-03-24T15:35:35\"}, {\"evidence_id\": \"EXCL_006_000D\", \"rule_id\": \"EXCL_006\", \"target_id_card\": \"42090219760310000D\", \"target\": \"排斥检查：股东记录全量查询（含已注销，用于辩论数据一致性）\", \"category\": \"排斥条件\", \"sql\": \"SELECT cs.relation_id, cs.company_id, ci.company_name,\\n                   cs.share_ratio, cs.is_valid AS shareholder_valid,\\n                   ci.is_valid AS company_valid\\n            FROM company_shareholder cs\\n            LEFT JOIN company_info ci ON cs.company_id = ci.company_id\\n            WHERE cs.id_card = :id_card\\n            ORDER BY cs.is_valid DESC\", \"result_raw\": [], \"result_summary\": \"查无数据（排斥检查：股东记录全量查询（含已注销，用于辩论数据一致性））\", \"time_range\": null, \"supports_conclusion\": null, \"confidence\": 1.0, \"exec_status\": \"no_data\", \"created_at\": \"2026-03-24T15:35:35\"}, {\"evidence_id\": \"EXCL_007_000D\", \"rule_id\": \"EXCL_007\", \"target_id_card\": \"42090219760310000D\", \"target\": \"排斥检查：退休年龄判断基础数据（出生日期、性别）\", \"category\": \"排斥条件\", \"sql\": \"SELECT id_card, name, gender, birth_date,\\n                CASE\\n                    WHEN gender = \'男\' THEN DATE_ADD(birth_date, INTERVAL 60 YEAR)\\n                    WHEN gender = \'女\' THEN DATE_ADD(birth_date, INTERVAL 55 YEAR)\\n                END AS retirement_date_55_60,\\n                CASE\\n                    WHEN gender = \'女\' THEN DATE_ADD(birth_date, INTERVAL 50 YEAR)\\n                    ELSE NULL\\n                END AS retirement_date_50_female,\\n                TIMESTAMPDIFF(YEAR, birth_date, :system_date) AS current_age\\n            FROM person\\n            WHERE id_card = :id_card\", \"result_raw\": [{\"id_card\": \"42090219760310000D\", \"name\": \"赵争议\", \"gender\": \"男\", \"birth_date\": \"1976-03-10\", \"retirement_date_55_60\": \"2036-03-10\", \"retirement_date_50_female\": null, \"current_age\": 50}], \"result_summary\": \"当前年龄: 50 岁，估算退休时间（55/60岁标准）: 2036-03-10，女性50岁标准: N/A\", \"time_range\": null, \"supports_conclusion\": null, \"confidence\": 1.0, \"exec_status\": \"success\", \"created_at\": \"2026-03-24T15:35:35\"}, {\"evidence_id\": \"EXCL_008_000D\", \"rule_id\": \"EXCL_008\", \"target_id_card\": \"42090219760310000D\", \"target\": \"排斥检查：申领期间医保是否存在单位缴纳记录（310类型，101状态）\", \"category\": \"排斥条件\", \"sql\": \"SELECT pay_month, insurance_type, insurer_status,\\n                   pay_base, company_id\\n            FROM social_insurance_payment\\n            WHERE id_card = :id_card\\n              AND insurance_type = \'310\'\\n              AND insurer_status = \'101\'\\n              AND is_valid = \'1\'\\n            ORDER BY pay_month DESC\", \"result_raw\": [], \"result_summary\": \"查无数据（排斥检查：申领期间医保是否存在单位缴纳记录（310类型，101状态））\", \"time_range\": null, \"supports_conclusion\": true, \"confidence\": 1.0, \"exec_status\": \"no_data\", \"created_at\": \"2026-03-24T15:35:35\"}, {\"evidence_id\": \"EXCL_009_000D\", \"rule_id\": \"EXCL_009\", \"target_id_card\": \"42090219760310000D\", \"target\": \"排斥检查：是否缺失灵活就业养老社保缴费记录（110类型，102状态）\", \"category\": \"排斥条件\", \"sql\": \"SELECT pay_month, insurance_type, insurer_status, pay_base\\n            FROM social_insurance_payment\\n            WHERE id_card = :id_card\\n              AND insurance_type = \'110\'\\n              AND insurer_status = \'102\'\\n              AND is_valid = \'1\'\\n            ORDER BY pay_month DESC\", \"result_raw\": [{\"pay_month\": \"202602\", \"insurance_type\": \"110\", \"insurer_status\": \"102\", \"pay_base\": \"4000.00\"}], \"result_summary\": \"查到 1 条记录，示例：pay_month: 202602，insurance_type: 110，insurer_status: 102，pay_base: 4000.00\", \"time_range\": null, \"supports_conclusion\": null, \"confidence\": 1.0, \"exec_status\": \"success\", \"created_at\": \"2026-03-24T15:35:35\"}, {\"evidence_id\": \"BASIC_001_000D\", \"rule_id\": \"BASIC_001\", \"target_id_card\": \"42090219760310000D\", \"target\": \"核查人员生存状态和系统数据有效性\", \"category\": \"基础条件\", \"sql\": \"SELECT id_card, name, gender, birth_date,\\n                   life_status, system_status, hukou_region\\n            FROM person\\n            WHERE id_card = :id_card\", \"result_raw\": [{\"id_card\": \"42090219760310000D\", \"name\": \"赵争议\", \"gender\": \"男\", \"birth_date\": \"1976-03-10\", \"life_status\": \"生存\", \"system_status\": \"1\", \"hukou_region\": \"孝感市市辖区\"}], \"result_summary\": \"姓名: 赵争议，性别: 男，生存状态: 生存，数据标识: 1，户籍: 孝感市市辖区\", \"time_range\": null, \"supports_conclusion\": true, \"confidence\": 1.0, \"exec_status\": \"success\", \"created_at\": \"2026-03-24T15:35:35\"}, {\"evidence_id\": \"BASIC_002_000D\", \"rule_id\": \"BASIC_002\", \"target_id_card\": \"42090219760310000D\", \"target\": \"核查户籍是否为孝感市市辖区（市直户籍）\", \"category\": \"基础条件\", \"sql\": \"SELECT id_card, hukou_region\\n            FROM person\\n            WHERE id_card = :id_card\\n              AND hukou_region = \'孝感市市辖区\'\", \"result_raw\": [{\"id_card\": \"42090219760310000D\", \"hukou_region\": \"孝感市市辖区\"}], \"result_summary\": \"查到 1 条记录，示例：id_card: 42090219760310000D，hukou_region: 孝感市市辖区\", \"time_range\": null, \"supports_conclusion\": true, \"confidence\": 1.0, \"exec_status\": \"success\", \"created_at\": \"2026-03-24T15:35:35\"}, {\"evidence_id\": \"BASIC_003_000D\", \"rule_id\": \"BASIC_003\", \"target_id_card\": \"42090219760310000D\", \"target\": \"核查是否有有效的灵活就业登记记录\", \"category\": \"基础条件\", \"sql\": \"SELECT record_id, employment_form, employment_date,\\n                   contract_start_date, sync_date\\n            FROM employment_registration\\n            WHERE id_card = :id_card\\n              AND employment_form = \'灵活就业\'\\n              AND is_valid = \'1\'\\n            ORDER BY employment_date DESC\\n            LIMIT 1\", \"result_raw\": [], \"result_summary\": \"查无数据（核查是否有有效的灵活就业登记记录）\", \"time_range\": null, \"supports_conclusion\": false, \"confidence\": 1.0, \"exec_status\": \"no_data\", \"created_at\": \"2026-03-24T15:35:35\"}, {\"evidence_id\": \"BASIC_004_000D\", \"rule_id\": \"BASIC_004\", \"target_id_card\": \"42090219760310000D\", \"target\": \"核查是否有有效的失业登记记录\", \"category\": \"基础条件\", \"sql\": \"SELECT record_id, unemployment_date, unemployment_reason,\\n                   register_date, cancel_date\\n            FROM unemployment_registration\\n            WHERE id_card = :id_card\\n              AND is_valid = \'1\'\\n            ORDER BY register_date DESC\\n            LIMIT 1\", \"result_raw\": [], \"result_summary\": \"查无数据（核查是否有有效的失业登记记录）\", \"time_range\": null, \"supports_conclusion\": false, \"confidence\": 1.0, \"exec_status\": \"no_data\", \"created_at\": \"2026-03-24T15:35:35\"}, {\"evidence_id\": \"BASIC_005_000D\", \"rule_id\": \"BASIC_005\", \"target_id_card\": \"42090219760310000D\", \"target\": \"核查是否有有效的就业困难人员认定记录及认定类别\", \"category\": \"基础条件\", \"sql\": \"SELECT cert_id, hardship_category, apply_date,\\n                   certify_org, cancel_date, cancel_reason\\n            FROM hardship_certification\\n            WHERE id_card = :id_card\\n              AND is_valid = \'1\'\\n            ORDER BY apply_date DESC\\n            LIMIT 1\", \"result_raw\": [], \"result_summary\": \"查无数据（核查是否有有效的就业困难人员认定记录及认定类别）\", \"time_range\": null, \"supports_conclusion\": false, \"confidence\": 1.0, \"exec_status\": \"no_data\", \"created_at\": \"2026-03-24T15:35:35\"}, {\"evidence_id\": \"INFER_001_000D\", \"rule_id\": \"INFER_001\", \"target_id_card\": \"42090219760310000D\", \"target\": \"推断：企业职工社会保险全量记录（含单位性质，用于识别财政供养）\", \"category\": \"合理推断\", \"sql\": \"SELECT sip.pay_month, sip.insurance_type, sip.insurer_status,\\n                   sip.pay_base, sip.company_id,\\n                   ci.company_name, ci.company_type\\n            FROM social_insurance_payment sip\\n            LEFT JOIN company_info ci ON sip.company_id = ci.company_id\\n            WHERE sip.id_card = :id_card\\n              AND sip.is_valid = \'1\'\\n            ORDER BY sip.pay_month DESC, sip.insurance_type\", \"result_raw\": [{\"pay_month\": \"202602\", \"insurance_type\": \"110\", \"insurer_status\": \"102\", \"pay_base\": \"4000.00\", \"company_id\": null, \"company_name\": null, \"company_type\": null}], \"result_summary\": \"查到 1 条记录，示例：pay_month: 202602，insurance_type: 110，insurer_status: 102，pay_base: 4000.00\", \"time_range\": null, \"supports_conclusion\": null, \"confidence\": 1.0, \"exec_status\": \"success\", \"created_at\": \"2026-03-24T15:35:35\"}, {\"evidence_id\": \"INFER_002_000D\", \"rule_id\": \"INFER_002\", \"target_id_card\": \"42090219760310000D\", \"target\": \"推断：是否存在机关/事业单位缴费记录（财政供养/机关事业人员核查）\", \"category\": \"合理推断\", \"sql\": \"SELECT sip.pay_month, sip.insurance_type, sip.insurer_status,\\n                   ci.company_name, ci.company_type\\n            FROM social_insurance_payment sip\\n            JOIN company_info ci ON sip.company_id = ci.company_id\\n            WHERE sip.id_card = :id_card\\n              AND ci.company_type IN (\'机关单位\', \'事业单位\')\\n              AND sip.is_valid = \'1\'\\n            ORDER BY sip.pay_month DESC\", \"result_raw\": [], \"result_summary\": \"查无数据（推断：是否存在机关/事业单位缴费记录（财政供养/机关事业人员核查））\", \"time_range\": null, \"supports_conclusion\": true, \"confidence\": 1.0, \"exec_status\": \"no_data\", \"created_at\": \"2026-03-24T15:35:35\"}, {\"evidence_id\": \"CALC_001_000D\", \"rule_id\": \"CALC_001\", \"target_id_card\": \"42090219760310000D\", \"target\": \"精算：历史补贴发放明细（查询所有领取记录）\", \"category\": \"额度计算\", \"sql\": \"SELECT policy_code, first_enjoy_month,\\n                   apply_start_month, apply_end_month,\\n                   grant_months, grant_amount, grant_date\\n            FROM subsidy_payment_history\\n            WHERE id_card = :id_card\\n              AND is_valid = \'1\'\\n            ORDER BY first_enjoy_month ASC\", \"result_raw\": [], \"result_summary\": \"查无数据（精算：历史补贴发放明细（查询所有领取记录））\", \"time_range\": null, \"supports_conclusion\": null, \"confidence\": 1.0, \"exec_status\": \"no_data\", \"created_at\": \"2026-03-24T15:35:35\"}, {\"evidence_id\": \"CALC_002_000D\", \"rule_id\": \"CALC_002\", \"target_id_card\": \"42090219760310000D\", \"target\": \"精算：历史已领补贴总月数\", \"category\": \"额度计算\", \"sql\": \"SELECT COALESCE(SUM(grant_months), 0) AS total_received_months\\n            FROM subsidy_payment_history\\n            WHERE id_card = :id_card\\n              AND is_valid = \'1\'\", \"result_raw\": [{\"total_received_months\": \"0\"}], \"result_summary\": \"历史已领补贴总月数: 0 个月\", \"time_range\": null, \"supports_conclusion\": null, \"confidence\": 1.0, \"exec_status\": \"success\", \"created_at\": \"2026-03-24T15:35:35\"}, {\"evidence_id\": \"CALC_003_000D\", \"rule_id\": \"CALC_003\", \"target_id_card\": \"42090219760310000D\", \"target\": \"精算：出生日期、性别及估算退休日期与剩余月数（功能二情况1/2依据）\", \"category\": \"额度计算\", \"sql\": \"SELECT id_card, name, gender, birth_date,\\n                CASE\\n                    WHEN gender = \'男\' THEN DATE_ADD(birth_date, INTERVAL 60 YEAR)\\n                    WHEN gender = \'女\' THEN DATE_ADD(birth_date, INTERVAL 55 YEAR)\\n                END AS estimated_retirement_date,\\n                TIMESTAMPDIFF(MONTH,\\n                    :system_date,\\n                    CASE\\n                        WHEN gender = \'男\' THEN DATE_ADD(birth_date, INTERVAL 60 YEAR)\\n                        WHEN gender = \'女\' THEN DATE_ADD(birth_date, INTERVAL 55 YEAR)\\n                    END\\n                ) AS months_to_retirement,\\n                TIMESTAMPDIFF(MONTH, birth_date, :system_date) AS age_in_months\\n            FROM person\\n            WHERE id_card = :id_card\", \"result_raw\": [{\"id_card\": \"42090219760310000D\", \"name\": \"赵争议\", \"gender\": \"男\", \"birth_date\": \"1976-03-10\", \"estimated_retirement_date\": \"2036-03-10\", \"months_to_retirement\": 119, \"age_in_months\": 600}], \"result_summary\": \"出生日期: 1976-03-10，性别: 男，估算退休日期: 2036-03-10，距退休月数: 119 个月\", \"time_range\": null, \"supports_conclusion\": null, \"confidence\": 1.0, \"exec_status\": \"success\", \"created_at\": \"2026-03-24T15:35:35\"}, {\"evidence_id\": \"CALC_004_000D\", \"rule_id\": \"CALC_004\", \"target_id_card\": \"42090219760310000D\", \"target\": \"精算：本人灵活就业养老社保缴费月数统计（功能二情况4依据）\", \"category\": \"额度计算\", \"sql\": \"SELECT COUNT(DISTINCT pay_month) AS flex_pay_months,\\n                   MIN(pay_month) AS first_pay_month,\\n                   MAX(pay_month) AS last_pay_month\\n            FROM social_insurance_payment\\n            WHERE id_card = :id_card\\n              AND insurance_type = \'110\'\\n              AND insurer_status = \'102\'\\n              AND is_valid = \'1\'\", \"result_raw\": [{\"flex_pay_months\": 1, \"first_pay_month\": \"202602\", \"last_pay_month\": \"202602\"}], \"result_summary\": \"灵活就业社保缴费月数: 1 个月，首次缴费月: 202602，最近缴费月: 202602\", \"time_range\": null, \"supports_conclusion\": null, \"confidence\": 1.0, \"exec_status\": \"success\", \"created_at\": \"2026-03-24T15:35:35\"}, {\"evidence_id\": \"CALC_005_000D\", \"rule_id\": \"CALC_005\", \"target_id_card\": \"42090219760310000D\", \"target\": \"精算：困难认定类别（判断是否为高校毕业生，影响功能二情况3）\", \"category\": \"额度计算\", \"sql\": \"SELECT hardship_category, apply_date\\n            FROM hardship_certification\\n            WHERE id_card = :id_card\\n              AND is_valid = \'1\'\\n            ORDER BY apply_date DESC\\n            LIMIT 1\", \"result_raw\": [], \"result_summary\": \"查无数据（精算：困难认定类别（判断是否为高校毕业生，影响功能二情况3））\", \"time_range\": null, \"supports_conclusion\": null, \"confidence\": 1.0, \"exec_status\": \"no_data\", \"created_at\": \"2026-03-24T15:35:35\"}]}','2026-03-24 07:42:06'),('769869f1-37e4-4706-968d-99f76f036983','42090219780815000E','POLICY_001','completed','/api/debate_stream','数据缺失','待定',1.0000,1,0,21,5,'2026-03-24 14:01:39','2026-03-24 14:04:43','{\"session_id\": \"769869f1-37e4-4706-968d-99f76f036983\", \"id_card\": \"42090219780815000E\", \"evidence_count\": 21, \"rounds_taken\": 0, \"final_conclusion\": \"数据缺失\", \"final_stance\": \"待定\", \"consensus_rate\": 1.0, \"is_consensus_reached\": true, \"history\": [{\"round_num\": 0, \"judgments\": [{\"agent_id\": \"agent_strict\", \"agent_role\": \"严格合规Agent\", \"debate_round\": 0, \"conclusion\": \"数据缺失\", \"stance\": \"待定\", \"confidence\": 0.95, \"evidence_refs\": [], \"reasoning\": \"\", \"dissent_points\": [], \"key_finding\": \"\"}, {\"agent_id\": \"agent_lenient\", \"agent_role\": \"业务宽松Agent\", \"debate_round\": 0, \"conclusion\": \"数据缺失\", \"stance\": \"待定\", \"confidence\": 0.65, \"evidence_refs\": [], \"reasoning\": \"申请人陈灰色（女，1978-08-15）已满46周岁，属于\'大龄失业人员\'困难群体，且户籍、失业登记、灵活就业登记、社保缴费记录等核心条件均满足。但存在关键排斥条件冲突：person表显示其工商身份为\'个体工商户\'（EXCL_001），而工商库查询未发现有效登记记录（EXCL_002）。依据\'数据系统同步滞后\'及\'个体工商户当月注销后应视为不再是个体工商户\'的实操准则，person表的历史标记可能未及时更新。鉴于失业登记原因明确为\'个体经营停业\'（2025-01-05），且已进行灵活就业登记（2025-03-01），倾向于认定其已不再经营。但因此项涉及核心排斥条件的数据冲突（\'有\'与\'无\'并存），为规避经办风险，建议人工核实其个体工商户注销证明或实际经营状态，而非直接通过或驳回。\", \"dissent_points\": [], \"key_finding\": \"\"}, {\"agent_id\": \"agent_explorer\", \"agent_role\": \"发散探索Agent\", \"debate_round\": 0, \"conclusion\": \"数据缺失\", \"stance\": \"待定\", \"confidence\": 0.85, \"evidence_refs\": [], \"reasoning\": \"已查证信息：申请人陈灰色（女，1978-08-15）户籍符合要求，已进行就业困难人员认定（大龄失业人员），并有灵活就业登记。社保缴费记录显示202601-202602已缴费。存在疑点/矛盾：核心矛盾在于[card_EXCL_001]明确判定申请人工商身份为\'个体工商户\'，且结论为\'反对通过\'，这直接触犯了补贴申领的排斥条款。数据缺失与逻辑断裂：虽然[card_EXCL_002]显示工商库未查到有效个体工商户法人记录，但这与[card_EXCL_001]的person表身份判定形成数据冲突，需核实是否为\'已注销\'但person表未更新状态。时间线异常：失业登记原因为\'个体经营停业\'（2025-01），这佐证了其曾经拥有个体工商户身份，但\'停业\'不等于\'注销\'，若工商登记未注销，仍属于排斥范围。医保数据缺失：[card_EXCL_008]缺失申领期间医保单位缴纳记录，无法排除隐性就业风险。\", \"dissent_points\": [\"核心排斥风险：[card_EXCL_001]证据明确显示person表中business_role=\'个体工商户\'，且判定结果为\'反对通过\'。虽然[card_EXCL_002]未查到工商库有效记录，但person表的身份标记通常具有滞后性或来源于历史数据，不能简单因\'未查到\'而忽略\'已标记\'的风险。需重点核查该个体工商户是否已办理注销登记，而非仅仅查询\'有效\'状态。\", \"失业原因与身份的自相矛盾：[card_BASIC_004]显示失业原因为\'个体经营停业\'，这直接印证了申请人曾从事个体经营。根据政策逻辑，\'个体工商户\'属于补贴排斥对象。\'停业\'（2025-01）与申请补贴时间（2025-03）间隔极短，存在\'名停实存\'或\'未注销\'的嫌疑，不符合灵活就业人员\'无雇主、非个体\'的隐性前提。\", \"数据一致性与隐性就业风险：[card_EXCL_001]与[card_EXCL_002]存在明显的数据不一致（Person表有身份 vs 工商库无记录）。这种矛盾往往暗示了数据更新不及时或跨部门数据未同步，属于高风险信号。此外，[card_EXCL_008]医保缴纳记录缺失（no_data），在仅有养老缴费记录的情况下，无法形成完整的灵活就业社保闭环验证，存在隐瞒单位就业（仅缴养老不缴医保或数据未同步）的可能性。\"], \"key_finding\": \"\"}, {\"agent_id\": \"agent_empirical\", \"agent_role\": \"经验归纳Agent\", \"debate_round\": 0, \"conclusion\": \"数据缺失\", \"stance\": \"待定\", \"confidence\": 0.85, \"evidence_refs\": [], \"reasoning\": \"此案呈现出典型的【模式E：数据矛盾型】特征，核心矛盾在于关键排斥项证据的冲突。一方面，Person表（card_EXCL_001）明确标记申请人工商身份为\'个体工商户\'，这是一个强排斥信号，直接导向\'不符合\'的结论；但另一方面，工商库全量查询（card_EXCL_002至EXCL_006）却反馈\'未查到数据\'，形成了\'有身份无实况\'的数据断层。根据经验，Person表的标记可能源于历史数据清洗滞后或跨部门数据同步错误，而工商库的空查可能意味着执照已注销或系统未覆盖。这种核心排斥证据的不一致导致无法准确归类为【模式A】或【模式B】。此外，申请人属于【模式D：临界退休型】（47岁女性，距退休约3年），且失业登记原因明确为\'个体经营停业\'，这与Person表标记相互印证，增加了身份存疑的复杂性。鉴于核心排斥条件存在无法自洽的矛盾，必须建议人工介入核查工商底档，以确认为历史数据残留还是隐性欺诈。\", \"dissent_points\": [], \"key_finding\": \"\"}, {\"agent_id\": \"agent_auditor\", \"agent_role\": \"审计反驳Agent\", \"debate_round\": 0, \"conclusion\": \"数据缺失\", \"stance\": \"待定\", \"confidence\": 0.1, \"evidence_refs\": [], \"reasoning\": \"LLM 输出解析失败，原始片段: ```json\\n{\\n  \\\"agent_id\\\": \\\"audit_rebuttal_agent\\\",\\n  \\\"conclusion\\\": \\\"不符合\\\",\\n  \\\"confidence\\\": 0.95,\\n  \\\"reasoning\\\": \\\"作为审计反驳Agent\", \"dissent_points\": [\"LLM 输出不是有效 JSON\"], \"key_finding\": \"解析失败\"}], \"total\": 5, \"majority_stance\": \"待定\", \"majority_count\": 5, \"consensus_rate\": 1.0, \"is_consensus_reached\": true}], \"status\": \"completed\", \"source_endpoint\": \"/api/debate_stream\", \"started_at\": \"2026-03-24T14:01:38\", \"completed_at\": \"2026-03-24T14:04:42\", \"summary\": {\"status\": \"completed\", \"source_endpoint\": \"/api/debate_stream\", \"final_conclusion\": \"数据缺失\", \"final_stance\": \"待定\", \"consensus_rate\": 1.0, \"is_consensus_reached\": true, \"rounds_taken\": 0, \"evidence_count\": 21, \"agent_count\": 5}, \"evidence\": [{\"evidence_id\": \"EXCL_001_000E\", \"rule_id\": \"EXCL_001\", \"target_id_card\": \"42090219780815000E\", \"target\": \"排斥检查：person表工商身份是否为个体工商户\", \"category\": \"排斥条件\", \"sql\": \"SELECT id_card, name, business_role\\n            FROM person\\n            WHERE id_card = :id_card\\n              AND business_role = \'个体工商户\'\", \"result_raw\": [{\"id_card\": \"42090219780815000E\", \"name\": \"陈灰色\", \"business_role\": \"个体工商户\"}], \"result_summary\": \"排斥检查：person表工商身份是否为个体工商户: id_card=42090219780815000E，name=陈灰色，business_role=个体工商户\", \"time_range\": null, \"supports_conclusion\": false, \"confidence\": 1.0, \"exec_status\": \"success\", \"created_at\": \"2026-03-24T22:01:41\"}, {\"evidence_id\": \"EXCL_002_000E\", \"rule_id\": \"EXCL_002\", \"target_id_card\": \"42090219780815000E\", \"target\": \"排斥检查：工商库中是否登记为有效个体工商户法人\", \"category\": \"排斥条件\", \"sql\": \"SELECT company_id, company_name, company_type, is_valid\\n            FROM company_info\\n            WHERE legal_person_id_card = :id_card\\n              AND company_type = \'个体工商户\'\\n              AND is_valid = \'1\'\", \"result_raw\": [], \"result_summary\": \"排斥检查：工商库中是否登记为有效个体工商户法人: 未查到数据\", \"time_range\": null, \"supports_conclusion\": true, \"confidence\": 0.5, \"exec_status\": \"no_data\", \"created_at\": \"2026-03-24T22:01:41\"}, {\"evidence_id\": \"EXCL_003_000E\", \"rule_id\": \"EXCL_003\", \"target_id_card\": \"42090219780815000E\", \"target\": \"排斥检查：person表工商身份是否为企业法人\", \"category\": \"排斥条件\", \"sql\": \"SELECT id_card, name, business_role\\n            FROM person\\n            WHERE id_card = :id_card\\n              AND business_role = \'企业法人\'\", \"result_raw\": [], \"result_summary\": \"排斥检查：person表工商身份是否为企业法人: 未查到数据\", \"time_range\": null, \"supports_conclusion\": true, \"confidence\": 0.5, \"exec_status\": \"no_data\", \"created_at\": \"2026-03-24T22:01:41\"}, {\"evidence_id\": \"EXCL_004_000E\", \"rule_id\": \"EXCL_004\", \"target_id_card\": \"42090219780815000E\", \"target\": \"排斥检查：工商库中是否登记为有效企业法定代表人\", \"category\": \"排斥条件\", \"sql\": \"SELECT company_id, company_name, company_type, is_valid\\n            FROM company_info\\n            WHERE legal_person_id_card = :id_card\\n              AND company_type = \'企业\'\\n              AND is_valid = \'1\'\", \"result_raw\": [], \"result_summary\": \"排斥检查：工商库中是否登记为有效企业法定代表人: 未查到数据\", \"time_range\": null, \"supports_conclusion\": true, \"confidence\": 0.5, \"exec_status\": \"no_data\", \"created_at\": \"2026-03-24T22:01:41\"}, {\"evidence_id\": \"EXCL_005_000E\", \"rule_id\": \"EXCL_005\", \"target_id_card\": \"42090219780815000E\", \"target\": \"排斥检查：是否存在有效的企业股东记录\", \"category\": \"排斥条件\", \"sql\": \"SELECT cs.relation_id, cs.company_id, ci.company_name,\\n                   cs.share_ratio, cs.is_valid\\n            FROM company_shareholder cs\\n            LEFT JOIN company_info ci ON cs.company_id = ci.company_id\\n            WHERE cs.id_card = :id_card\\n              AND cs.is_valid = \'1\'\", \"result_raw\": [], \"result_summary\": \"排斥检查：是否存在有效的企业股东记录: 未查到数据\", \"time_range\": null, \"supports_conclusion\": true, \"confidence\": 0.5, \"exec_status\": \"no_data\", \"created_at\": \"2026-03-24T22:01:41\"}, {\"evidence_id\": \"EXCL_006_000E\", \"rule_id\": \"EXCL_006\", \"target_id_card\": \"42090219780815000E\", \"target\": \"排斥检查：股东记录全量查询（含已注销，用于辩论数据一致性）\", \"category\": \"排斥条件\", \"sql\": \"SELECT cs.relation_id, cs.company_id, ci.company_name,\\n                   cs.share_ratio, cs.is_valid AS shareholder_valid,\\n                   ci.is_valid AS company_valid\\n            FROM company_shareholder cs\\n            LEFT JOIN company_info ci ON cs.company_id = ci.company_id\\n            WHERE cs.id_card = :id_card\\n            ORDER BY cs.is_valid DESC\", \"result_raw\": [], \"result_summary\": \"排斥检查：股东记录全量查询（含已注销，用于辩论数据一致性）: 未查到数据\", \"time_range\": null, \"supports_conclusion\": null, \"confidence\": 0.5, \"exec_status\": \"no_data\", \"created_at\": \"2026-03-24T22:01:41\"}, {\"evidence_id\": \"EXCL_007_000E\", \"rule_id\": \"EXCL_007\", \"target_id_card\": \"42090219780815000E\", \"target\": \"排斥检查：退休年龄判断基础数据（出生日期、性别）\", \"category\": \"排斥条件\", \"sql\": \"SELECT id_card, name, gender, birth_date,\\n                CASE\\n                    WHEN gender = \'男\' THEN DATE_ADD(birth_date, INTERVAL 60 YEAR)\\n                    WHEN gender = \'女\' THEN DATE_ADD(birth_date, INTERVAL 55 YEAR)\\n                END AS retirement_date_55_60,\\n                CASE\\n                    WHEN gender = \'女\' THEN DATE_ADD(birth_date, INTERVAL 50 YEAR)\\n                    ELSE NULL\\n                END AS retirement_date_50_female,\\n                TIMESTAMPDIFF(YEAR, birth_date, :system_date) AS current_age\\n            FROM person\\n            WHERE id_card = :id_card\", \"result_raw\": [{\"id_card\": \"42090219780815000E\", \"name\": \"陈灰色\", \"gender\": \"女\", \"birth_date\": \"1978-08-15\", \"retirement_date_55_60\": \"2033-08-15\", \"retirement_date_50_female\": \"2028-08-15\", \"current_age\": 47}], \"result_summary\": \"排斥检查：退休年龄判断基础数据（出生日期、性别）: id_card=42090219780815000E，name=陈灰色，gender=女，birth_date=1978-08-15\", \"time_range\": null, \"supports_conclusion\": null, \"confidence\": 1.0, \"exec_status\": \"success\", \"created_at\": \"2026-03-24T22:01:41\"}, {\"evidence_id\": \"EXCL_008_000E\", \"rule_id\": \"EXCL_008\", \"target_id_card\": \"42090219780815000E\", \"target\": \"排斥检查：申领期间医保是否存在单位缴纳记录（310类型，101状态）\", \"category\": \"排斥条件\", \"sql\": \"SELECT pay_month, insurance_type, insurer_status,\\n                   pay_base, company_id\\n            FROM social_insurance_payment\\n            WHERE id_card = :id_card\\n              AND insurance_type = \'310\'\\n              AND insurer_status = \'101\'\\n              AND is_valid = \'1\'\\n            ORDER BY pay_month DESC\", \"result_raw\": [], \"result_summary\": \"排斥检查：申领期间医保是否存在单位缴纳记录（310类型，101状态）: 未查到数据\", \"time_range\": null, \"supports_conclusion\": true, \"confidence\": 0.5, \"exec_status\": \"no_data\", \"created_at\": \"2026-03-24T22:01:41\"}, {\"evidence_id\": \"EXCL_009_000E\", \"rule_id\": \"EXCL_009\", \"target_id_card\": \"42090219780815000E\", \"target\": \"排斥检查：是否缺失灵活就业养老社保缴费记录（110类型，102状态）\", \"category\": \"排斥条件\", \"sql\": \"SELECT pay_month, insurance_type, insurer_status, pay_base\\n            FROM social_insurance_payment\\n            WHERE id_card = :id_card\\n              AND insurance_type = \'110\'\\n              AND insurer_status = \'102\'\\n              AND is_valid = \'1\'\\n            ORDER BY pay_month DESC\", \"result_raw\": [{\"pay_month\": \"202602\", \"insurance_type\": \"110\", \"insurer_status\": \"102\", \"pay_base\": \"3800.00\"}, {\"pay_month\": \"202601\", \"insurance_type\": \"110\", \"insurer_status\": \"102\", \"pay_base\": \"3800.00\"}], \"result_summary\": \"排斥检查：是否缺失灵活就业养老社保缴费记录（110类型，102状态）: pay_month=202602，insurance_type=110，insurer_status=102，pay_base=3800.00（共 2 条）\", \"time_range\": null, \"supports_conclusion\": null, \"confidence\": 1.0, \"exec_status\": \"success\", \"created_at\": \"2026-03-24T22:01:41\"}, {\"evidence_id\": \"BASIC_001_000E\", \"rule_id\": \"BASIC_001\", \"target_id_card\": \"42090219780815000E\", \"target\": \"核查人员生存状态和系统数据有效性\", \"category\": \"基础条件\", \"sql\": \"SELECT id_card, name, gender, birth_date,\\n                   life_status, system_status, hukou_region\\n            FROM person\\n            WHERE id_card = :id_card\", \"result_raw\": [{\"id_card\": \"42090219780815000E\", \"name\": \"陈灰色\", \"gender\": \"女\", \"birth_date\": \"1978-08-15\", \"life_status\": \"生存\", \"system_status\": \"1\", \"hukou_region\": \"孝感市市辖区\"}], \"result_summary\": \"核查人员生存状态和系统数据有效性: id_card=42090219780815000E，name=陈灰色，gender=女，birth_date=1978-08-15\", \"time_range\": null, \"supports_conclusion\": null, \"confidence\": 1.0, \"exec_status\": \"success\", \"created_at\": \"2026-03-24T22:01:41\"}, {\"evidence_id\": \"BASIC_002_000E\", \"rule_id\": \"BASIC_002\", \"target_id_card\": \"42090219780815000E\", \"target\": \"核查户籍是否为孝感市市辖区（市直户籍）\", \"category\": \"基础条件\", \"sql\": \"SELECT id_card, hukou_region\\n            FROM person\\n            WHERE id_card = :id_card\\n              AND hukou_region = \'孝感市市辖区\'\", \"result_raw\": [{\"id_card\": \"42090219780815000E\", \"hukou_region\": \"孝感市市辖区\"}], \"result_summary\": \"核查户籍是否为孝感市市辖区（市直户籍）: id_card=42090219780815000E，hukou_region=孝感市市辖区\", \"time_range\": null, \"supports_conclusion\": true, \"confidence\": 1.0, \"exec_status\": \"success\", \"created_at\": \"2026-03-24T22:01:41\"}, {\"evidence_id\": \"BASIC_003_000E\", \"rule_id\": \"BASIC_003\", \"target_id_card\": \"42090219780815000E\", \"target\": \"核查是否有有效的灵活就业登记记录\", \"category\": \"基础条件\", \"sql\": \"SELECT record_id, employment_form, employment_date,\\n                   contract_start_date, sync_date\\n            FROM employment_registration\\n            WHERE id_card = :id_card\\n              AND employment_form = \'灵活就业\'\\n              AND is_valid = \'1\'\\n            ORDER BY employment_date DESC\\n            LIMIT 1\", \"result_raw\": [{\"record_id\": 4, \"employment_form\": \"灵活就业\", \"employment_date\": \"2025-03-01\", \"contract_start_date\": null, \"sync_date\": null}], \"result_summary\": \"核查是否有有效的灵活就业登记记录: record_id=4，employment_form=灵活就业，employment_date=2025-03-01，contract_start_date=None\", \"time_range\": null, \"supports_conclusion\": true, \"confidence\": 1.0, \"exec_status\": \"success\", \"created_at\": \"2026-03-24T22:01:41\"}, {\"evidence_id\": \"BASIC_004_000E\", \"rule_id\": \"BASIC_004\", \"target_id_card\": \"42090219780815000E\", \"target\": \"核查是否有有效的失业登记记录\", \"category\": \"基础条件\", \"sql\": \"SELECT record_id, unemployment_date, unemployment_reason,\\n                   register_date, cancel_date\\n            FROM unemployment_registration\\n            WHERE id_card = :id_card\\n              AND is_valid = \'1\'\\n            ORDER BY register_date DESC\\n            LIMIT 1\", \"result_raw\": [{\"record_id\": 4, \"unemployment_date\": \"2025-01-05\", \"unemployment_reason\": \"个体经营停业\", \"register_date\": \"2025-01-10\", \"cancel_date\": null}], \"result_summary\": \"核查是否有有效的失业登记记录: record_id=4，unemployment_date=2025-01-05，unemployment_reason=个体经营停业，register_date=2025-01-10\", \"time_range\": null, \"supports_conclusion\": true, \"confidence\": 1.0, \"exec_status\": \"success\", \"created_at\": \"2026-03-24T22:01:41\"}, {\"evidence_id\": \"BASIC_005_000E\", \"rule_id\": \"BASIC_005\", \"target_id_card\": \"42090219780815000E\", \"target\": \"核查是否有有效的就业困难人员认定记录及认定类别\", \"category\": \"基础条件\", \"sql\": \"SELECT cert_id, hardship_category, apply_date,\\n                   certify_org, cancel_date, cancel_reason\\n            FROM hardship_certification\\n            WHERE id_card = :id_card\\n              AND is_valid = \'1\'\\n            ORDER BY apply_date DESC\\n            LIMIT 1\", \"result_raw\": [{\"cert_id\": 4, \"hardship_category\": \"大龄失业人员\", \"apply_date\": \"2025-02-15\", \"certify_org\": \"孝感市就业局\", \"cancel_date\": null, \"cancel_reason\": null}], \"result_summary\": \"核查是否有有效的就业困难人员认定记录及认定类别: cert_id=4，hardship_category=大龄失业人员，apply_date=2025-02-15，certify_org=孝感市就业局\", \"time_range\": null, \"supports_conclusion\": true, \"confidence\": 1.0, \"exec_status\": \"success\", \"created_at\": \"2026-03-24T22:01:41\"}, {\"evidence_id\": \"INFER_001_000E\", \"rule_id\": \"INFER_001\", \"target_id_card\": \"42090219780815000E\", \"target\": \"推断：企业职工社会保险全量记录（含单位性质，用于识别财政供养）\", \"category\": \"合理推断\", \"sql\": \"SELECT sip.pay_month, sip.insurance_type, sip.insurer_status,\\n                   sip.pay_base, sip.company_id,\\n                   ci.company_name, ci.company_type\\n            FROM social_insurance_payment sip\\n            LEFT JOIN company_info ci ON sip.company_id = ci.company_id\\n            WHERE sip.id_card = :id_card\\n              AND sip.is_valid = \'1\'\\n            ORDER BY sip.pay_month DESC, sip.insurance_type\", \"result_raw\": [{\"pay_month\": \"202602\", \"insurance_type\": \"110\", \"insurer_status\": \"102\", \"pay_base\": \"3800.00\", \"company_id\": null, \"company_name\": null, \"company_type\": null}, {\"pay_month\": \"202602\", \"insurance_type\": \"310\", \"insurer_status\": \"102\", \"pay_base\": \"3800.00\", \"company_id\": null, \"company_name\": null, \"company_type\": null}, {\"pay_month\": \"202601\", \"insurance_type\": \"110\", \"insurer_status\": \"102\", \"pay_base\": \"3800.00\", \"company_id\": null, \"company_name\": null, \"company_type\": null}, {\"pay_month\": \"202601\", \"insurance_type\": \"310\", \"insurer_status\": \"102\", \"pay_base\": \"3800.00\", \"company_id\": null, \"company_name\": null, \"company_type\": null}], \"result_summary\": \"推断：企业职工社会保险全量记录（含单位性质，用于识别财政供养）: pay_month=202602，insurance_type=110，insurer_status=102，pay_base=3800.00（共 4 条）\", \"time_range\": null, \"supports_conclusion\": null, \"confidence\": 1.0, \"exec_status\": \"success\", \"created_at\": \"2026-03-24T22:01:41\"}, {\"evidence_id\": \"INFER_002_000E\", \"rule_id\": \"INFER_002\", \"target_id_card\": \"42090219780815000E\", \"target\": \"推断：是否存在机关/事业单位缴费记录（财政供养/机关事业人员核查）\", \"category\": \"合理推断\", \"sql\": \"SELECT sip.pay_month, sip.insurance_type, sip.insurer_status,\\n                   ci.company_name, ci.company_type\\n            FROM social_insurance_payment sip\\n            JOIN company_info ci ON sip.company_id = ci.company_id\\n            WHERE sip.id_card = :id_card\\n              AND ci.company_type IN (\'机关单位\', \'事业单位\')\\n              AND sip.is_valid = \'1\'\\n            ORDER BY sip.pay_month DESC\", \"result_raw\": [], \"result_summary\": \"推断：是否存在机关/事业单位缴费记录（财政供养/机关事业人员核查）: 未查到数据\", \"time_range\": null, \"supports_conclusion\": true, \"confidence\": 0.5, \"exec_status\": \"no_data\", \"created_at\": \"2026-03-24T22:01:41\"}, {\"evidence_id\": \"CALC_001_000E\", \"rule_id\": \"CALC_001\", \"target_id_card\": \"42090219780815000E\", \"target\": \"精算：历史补贴发放明细（查询所有领取记录）\", \"category\": \"额度计算\", \"sql\": \"SELECT policy_code, first_enjoy_month,\\n                   apply_start_month, apply_end_month,\\n                   grant_months, grant_amount, grant_date\\n            FROM subsidy_payment_history\\n            WHERE id_card = :id_card\\n              AND is_valid = \'1\'\\n            ORDER BY first_enjoy_month ASC\", \"result_raw\": [], \"result_summary\": \"精算：历史补贴发放明细（查询所有领取记录）: 未查到数据\", \"time_range\": null, \"supports_conclusion\": null, \"confidence\": 0.5, \"exec_status\": \"no_data\", \"created_at\": \"2026-03-24T22:01:41\"}, {\"evidence_id\": \"CALC_002_000E\", \"rule_id\": \"CALC_002\", \"target_id_card\": \"42090219780815000E\", \"target\": \"精算：历史已领补贴总月数\", \"category\": \"额度计算\", \"sql\": \"SELECT COALESCE(SUM(grant_months), 0) AS total_received_months\\n            FROM subsidy_payment_history\\n            WHERE id_card = :id_card\\n              AND is_valid = \'1\'\", \"result_raw\": [{\"total_received_months\": \"0\"}], \"result_summary\": \"精算：历史已领补贴总月数: total_received_months=0\", \"time_range\": null, \"supports_conclusion\": null, \"confidence\": 1.0, \"exec_status\": \"success\", \"created_at\": \"2026-03-24T22:01:41\"}, {\"evidence_id\": \"CALC_003_000E\", \"rule_id\": \"CALC_003\", \"target_id_card\": \"42090219780815000E\", \"target\": \"精算：出生日期、性别及估算退休日期与剩余月数（功能二情况1/2依据）\", \"category\": \"额度计算\", \"sql\": \"SELECT id_card, name, gender, birth_date,\\n                CASE\\n                    WHEN gender = \'男\' THEN DATE_ADD(birth_date, INTERVAL 60 YEAR)\\n                    WHEN gender = \'女\' THEN DATE_ADD(birth_date, INTERVAL 55 YEAR)\\n                END AS estimated_retirement_date,\\n                TIMESTAMPDIFF(MONTH,\\n                    :system_date,\\n                    CASE\\n                        WHEN gender = \'男\' THEN DATE_ADD(birth_date, INTERVAL 60 YEAR)\\n                        WHEN gender = \'女\' THEN DATE_ADD(birth_date, INTERVAL 55 YEAR)\\n                    END\\n                ) AS months_to_retirement,\\n                TIMESTAMPDIFF(MONTH, birth_date, :system_date) AS age_in_months\\n            FROM person\\n            WHERE id_card = :id_card\", \"result_raw\": [{\"id_card\": \"42090219780815000E\", \"name\": \"陈灰色\", \"gender\": \"女\", \"birth_date\": \"1978-08-15\", \"estimated_retirement_date\": \"2033-08-15\", \"months_to_retirement\": 88, \"age_in_months\": 571}], \"result_summary\": \"精算：出生日期、性别及估算退休日期与剩余月数（功能二情况1/2依据）: id_card=42090219780815000E，name=陈灰色，gender=女，birth_date=1978-08-15\", \"time_range\": null, \"supports_conclusion\": null, \"confidence\": 1.0, \"exec_status\": \"success\", \"created_at\": \"2026-03-24T22:01:41\"}, {\"evidence_id\": \"CALC_004_000E\", \"rule_id\": \"CALC_004\", \"target_id_card\": \"42090219780815000E\", \"target\": \"精算：本人灵活就业养老社保缴费月数统计（功能二情况4依据）\", \"category\": \"额度计算\", \"sql\": \"SELECT COUNT(DISTINCT pay_month) AS flex_pay_months,\\n                   MIN(pay_month) AS first_pay_month,\\n                   MAX(pay_month) AS last_pay_month\\n            FROM social_insurance_payment\\n            WHERE id_card = :id_card\\n              AND insurance_type = \'110\'\\n              AND insurer_status = \'102\'\\n              AND is_valid = \'1\'\", \"result_raw\": [{\"flex_pay_months\": 2, \"first_pay_month\": \"202601\", \"last_pay_month\": \"202602\"}], \"result_summary\": \"精算：本人灵活就业养老社保缴费月数统计（功能二情况4依据）: flex_pay_months=2，first_pay_month=202601，last_pay_month=202602\", \"time_range\": null, \"supports_conclusion\": null, \"confidence\": 1.0, \"exec_status\": \"success\", \"created_at\": \"2026-03-24T22:01:41\"}, {\"evidence_id\": \"CALC_005_000E\", \"rule_id\": \"CALC_005\", \"target_id_card\": \"42090219780815000E\", \"target\": \"精算：困难认定类别（判断是否为高校毕业生，影响功能二情况3）\", \"category\": \"额度计算\", \"sql\": \"SELECT hardship_category, apply_date\\n            FROM hardship_certification\\n            WHERE id_card = :id_card\\n              AND is_valid = \'1\'\\n            ORDER BY apply_date DESC\\n            LIMIT 1\", \"result_raw\": [{\"hardship_category\": \"大龄失业人员\", \"apply_date\": \"2025-02-15\"}], \"result_summary\": \"精算：困难认定类别（判断是否为高校毕业生，影响功能二情况3）: hardship_category=大龄失业人员，apply_date=2025-02-15\", \"time_range\": null, \"supports_conclusion\": null, \"confidence\": 1.0, \"exec_status\": \"success\", \"created_at\": \"2026-03-24T22:01:41\"}]}','2026-03-24 14:04:42'),('94606d88-2d7a-45f2-87f9-41bb3c6bca74','42090219800101000A','POLICY_001','completed','/api/debate_stream','数据缺失','待定',1.0000,1,0,0,5,'2026-03-25 11:26:35','2026-03-25 11:27:52','{\"session_id\": \"94606d88-2d7a-45f2-87f9-41bb3c6bca74\", \"id_card\": \"42090219800101000A\", \"evidence_count\": 0, \"rounds_taken\": 0, \"final_conclusion\": \"数据缺失\", \"final_stance\": \"待定\", \"consensus_rate\": 1.0, \"is_consensus_reached\": true, \"history\": [{\"round_num\": 0, \"judgments\": [{\"agent_id\": \"agent_strict\", \"agent_role\": \"严格合规Agent\", \"debate_round\": 0, \"conclusion\": \"数据缺失\", \"stance\": \"待定\", \"confidence\": 0.0, \"evidence_refs\": [], \"reasoning\": \"系统错误导致判断失败: type object \'QuestionType\' has no attribute \'QUALIFICATION\'\", \"dissent_points\": [], \"key_finding\": \"系统调度异常\"}, {\"agent_id\": \"agent_lenient\", \"agent_role\": \"业务宽松Agent\", \"debate_round\": 0, \"conclusion\": \"数据缺失\", \"stance\": \"待定\", \"confidence\": 0.0, \"evidence_refs\": [], \"reasoning\": \"系统错误导致判断失败: type object \'QuestionType\' has no attribute \'QUALIFICATION\'\", \"dissent_points\": [], \"key_finding\": \"系统调度异常\"}, {\"agent_id\": \"agent_explorer\", \"agent_role\": \"发散探索Agent\", \"debate_round\": 0, \"conclusion\": \"数据缺失\", \"stance\": \"待定\", \"confidence\": 0.0, \"evidence_refs\": [], \"reasoning\": \"系统错误导致判断失败: type object \'QuestionType\' has no attribute \'QUALIFICATION\'\", \"dissent_points\": [], \"key_finding\": \"系统调度异常\"}, {\"agent_id\": \"agent_empirical\", \"agent_role\": \"经验归纳Agent\", \"debate_round\": 0, \"conclusion\": \"数据缺失\", \"stance\": \"待定\", \"confidence\": 0.0, \"evidence_refs\": [], \"reasoning\": \"系统错误导致判断失败: type object \'QuestionType\' has no attribute \'QUALIFICATION\'\", \"dissent_points\": [], \"key_finding\": \"系统调度异常\"}, {\"agent_id\": \"agent_auditor\", \"agent_role\": \"审计反驳Agent\", \"debate_round\": 0, \"conclusion\": \"数据缺失\", \"stance\": \"待定\", \"confidence\": 0.0, \"evidence_refs\": [], \"reasoning\": \"系统错误导致判断失败: type object \'QuestionType\' has no attribute \'QUALIFICATION\'\", \"dissent_points\": [], \"key_finding\": \"系统调度异常\"}], \"total\": 5, \"majority_stance\": \"待定\", \"majority_count\": 5, \"consensus_rate\": 1.0, \"is_consensus_reached\": true}], \"policy_id\": \"POLICY_001\", \"status\": \"completed\", \"source_endpoint\": \"/api/debate_stream\", \"started_at\": \"2026-03-25T11:26:34\", \"completed_at\": \"2026-03-25T11:27:52\", \"summary\": {\"status\": \"completed\", \"policy_id\": \"POLICY_001\", \"source_endpoint\": \"/api/debate_stream\", \"final_conclusion\": \"数据缺失\", \"final_stance\": \"待定\", \"consensus_rate\": 1.0, \"is_consensus_reached\": true, \"rounds_taken\": 0, \"evidence_count\": 0, \"agent_count\": 5}, \"evidence\": []}','2026-03-25 11:27:52'),('9d82ca17-6b87-4250-8841-634219065084','42090219800101000A','POLICY_001','completed','/api/debate_stream','数据缺失','待定',1.0000,1,0,6,5,'2026-03-24 21:37:35','2026-03-24 21:41:38','{\"session_id\": \"9d82ca17-6b87-4250-8841-634219065084\", \"id_card\": \"42090219800101000A\", \"evidence_count\": 6, \"rounds_taken\": 0, \"final_conclusion\": \"数据缺失\", \"final_stance\": \"待定\", \"consensus_rate\": 1.0, \"is_consensus_reached\": true, \"history\": [{\"round_num\": 0, \"judgments\": [{\"agent_id\": \"agent_strict\", \"agent_role\": \"严格合规Agent\", \"debate_round\": 0, \"conclusion\": \"不符合\", \"stance\": \"待定\", \"confidence\": 0.9, \"evidence_refs\": [], \"reasoning\": \"依据严格合规判定准则，基础条件必须全部有明确满足的证据，排斥条件必须明确查无触发记录。本案中，虽然[BASIC_HARDSHIP_CATEGORY]、[BASIC_PERSON_ACTIVE]及[CALC_HISTORY_MONTHS]三项条件证据确凿且支持通过，但排斥条件[EXCL_SHAREHOLDER]、[EXCL_UNIT_INSURANCE]及[INFER_FISCAL_SUPPORT]均显示\'证据缺失\'（exec_status=\'no_data\'）。根据认知风格第2条，\'no_data\'的基础条件等同于条件未满足，且排斥条件无法排除即存在违规风险。因关键排斥性审查事项缺乏明确合规证据，无法确认申请人完全符合政策准入底线，故判定\'不符合\'。\", \"dissent_points\": [], \"key_finding\": \"\"}, {\"agent_id\": \"agent_lenient\", \"agent_role\": \"业务宽松Agent\", \"debate_round\": 0, \"conclusion\": \"数据缺失\", \"stance\": \"待定\", \"confidence\": 0.75, \"evidence_refs\": [], \"reasoning\": \"1. 核心条件满足：申请人具备‘大龄失业人员’认定类别，属于政策重点帮扶对象，且基础档案状态有效。2. 排斥条件解读：三项排斥条件（股东、单位参保、财政供养）均为‘no_data’状态，依据‘数据系统无记录即视为无违规’的经办惯例，这属于支持通过的利好信号，而非阻碍理由。3. 缴费核算：历史缴费记录连续（202601-202602），满足核算基础。综上，无明确排斥触发，建议认定符合。\", \"dissent_points\": [], \"key_finding\": \"\"}, {\"agent_id\": \"agent_explorer\", \"agent_role\": \"发散探索Agent\", \"debate_round\": 0, \"conclusion\": \"数据缺失\", \"stance\": \"待定\", \"confidence\": 0.45, \"evidence_refs\": [], \"reasoning\": \"已查证信息显示申请人基础身份有效（生存、系统有效），且持有有效的‘大龄失业人员’认定类别，历史缴费记录看似完整覆盖了202601-202602时段。然而，作为‘问题发现者’，我必须指出当前证据链存在严重的‘结构性缺失’。虽然三项核心排除性查询（股东、单位医保、财政供养）均返回‘no_data’，但这在真实业务场景中往往意味着核查未完成而非‘无风险’。特别是‘单位医保’和‘股东身份’是灵活就业补贴发放的‘一票否决’项，缺失这两项核查结果直接导致无法判断申请人是否真正符合‘灵活就业’的排他性定义。此外，历史缴费记录仅显示‘已领取’，未显示‘应发’与‘实发’的差额逻辑，且缺乏对应的就业登记时间线，无法排除‘就业与未就业并存’或‘身份切换’的隐患。\", \"dissent_points\": [\"核心排除项证据真空：三项关键的排除性证据（股东身份、单位医保、财政供养）状态均为‘no_data’。在补贴审核中，‘未查到数据’不等于‘不存在风险’，这种大面积的证据缺失导致无法排除申请人正在企业任职或享受财政供养的可能性，这与‘灵活就业’身份存在潜在冲突。\", \"就业状态时间线缺失：证据中仅有‘大龄失业人员’的认定结果，但缺乏‘就业登记’或‘失业登记’的具体时间戳。无法判断申请人在202601-202602期间是否处于‘灵活就业登记’有效期内，存在‘认定类别有效’但‘就业状态已变更’（如已就业但未同步）的时间线断裂风险。\", \"险种状态与基数异常预警缺失：证据未提供具体的缴费基数（pay_base）和险种变更日志（insurance_change_log）。考虑到当前时间为2026年，若申请人在此期间缴费基数突然大幅跳升，可能暗示其收入来源已不符合‘大龄失业’或‘灵活就业’的低收入特征，但当前证据无法支撑这一维度的风险排查。\"], \"key_finding\": \"\"}, {\"agent_id\": \"agent_empirical\", \"agent_role\": \"经验归纳Agent\", \"debate_round\": 0, \"conclusion\": \"数据缺失\", \"stance\": \"待定\", \"confidence\": 0.65, \"evidence_refs\": [], \"reasoning\": \"此案呈现出典型的【模式A：标准合规型】特征。申请人基础条件完备：持有有效的\'大龄失业人员\'就业困难认定，生命状态与系统状态正常，且历史缴费记录清晰（202601-202602），形成了连贯的缴费链条。然而，该模式成立的前提是必须排除\'隐性欺诈\'风险。目前证据面板显示，关于工商股东身份（EXCL_SHAREHOLDER）、单位医保缴费（EXCL_UNIT_INSURANCE）以及财政供养（INFER_FISCAL_SUPPORT）的三项关键排他性检查均为\'证据缺失\'。在经验审核中，这意味着无法确认申请人是否处于\'纸面合规但实际违规\'的状态。虽然核心数据指向符合，但缺失的风险阻断证据使得无法做出最终确切的\'符合\'判定。基于审慎原则，判定为数据缺失，需补全反欺诈核查。\", \"dissent_points\": [], \"key_finding\": \"\"}, {\"agent_id\": \"agent_auditor\", \"agent_role\": \"审计反驳Agent\", \"debate_round\": 0, \"conclusion\": \"数据缺失\", \"stance\": \"待定\", \"confidence\": 0.1, \"evidence_refs\": [], \"reasoning\": \"LLM 输出解析失败，原始片段: ```json\\n{\\n  \\\"agent_id\\\": \\\"audit_refutation_agent\\\",\\n  \\\"debate_round\\\": 0,\\n  \\\"conclusion\\\": \\\"不符合\\\",\\n  \\\"confidence\\\": 0.70,\\n  \\\"r\", \"dissent_points\": [\"LLM 输出不是有效 JSON\"], \"key_finding\": \"解析失败\"}], \"total\": 5, \"majority_stance\": \"待定\", \"majority_count\": 5, \"consensus_rate\": 1.0, \"is_consensus_reached\": true}], \"policy_id\": \"POLICY_001\", \"status\": \"completed\", \"source_endpoint\": \"/api/debate_stream\", \"started_at\": \"2026-03-24T21:37:35\", \"completed_at\": \"2026-03-24T21:41:37\", \"summary\": {\"status\": \"completed\", \"policy_id\": \"POLICY_001\", \"source_endpoint\": \"/api/debate_stream\", \"final_conclusion\": \"数据缺失\", \"final_stance\": \"待定\", \"consensus_rate\": 1.0, \"is_consensus_reached\": true, \"rounds_taken\": 0, \"evidence_count\": 6, \"agent_count\": 5}, \"evidence\": [{\"evidence_id\": \"plan_basic_hardship_category\", \"rule_id\": \"BASIC_HARDSHIP_CATEGORY\", \"target_id_card\": \"42090219800101000A\", \"target\": \"申请人是否具有有效的就业困难人员认定类别？\", \"category\": \"BASIC\", \"sql\": \"SELECT\\n    hardship_category\\nFROM\\n    hardship_certification\\nWHERE\\n    id_card = \'42090219800101000A\'\\n    AND is_valid = \'1\'\\n    AND cancel_date IS NULL\\nORDER BY\\n    apply_date DESC\\nLIMIT 1;\", \"result_raw\": [{\"hardship_category\": \"大龄失业人员\"}], \"result_summary\": \"经核查，申请人当前持有“大龄失业人员”的就业困难人员认定类别。\", \"time_range\": null, \"supports_conclusion\": true, \"confidence\": 1.0, \"exec_status\": \"success\", \"created_at\": \"2026-03-25T05:37:55\"}, {\"evidence_id\": \"plan_basic_person_active\", \"rule_id\": \"BASIC_PERSON_ACTIVE\", \"target_id_card\": \"42090219800101000A\", \"target\": \"申请人是否处于存活且系统有效的基础状态？\", \"category\": \"BASIC\", \"sql\": \"SELECT\\n    id_card,\\n    name,\\n    life_status,\\n    system_status\\nFROM\\n    person\\nWHERE\\n    id_card = \'42090219800101000A\'\\n    AND life_status = \'生存\'\\n    AND system_status = \'1\';\", \"result_raw\": [{\"id_card\": \"42090219800101000A\", \"name\": \"张完美\", \"life_status\": \"生存\", \"system_status\": \"1\"}], \"result_summary\": \"经核查，申请人张完美当前生命状态为生存，且系统状态码为1（通常代表有效），表明其处于存活且系统有效的基础状态。\", \"time_range\": null, \"supports_conclusion\": true, \"confidence\": 1.0, \"exec_status\": \"success\", \"created_at\": \"2026-03-25T05:38:29\"}, {\"evidence_id\": \"plan_excl_shareholder\", \"rule_id\": \"EXCL_SHAREHOLDER\", \"target_id_card\": \"42090219800101000A\", \"target\": \"申请人是否存在会触发排除的企业股东或工商主体身份？\", \"category\": \"EXCL\", \"sql\": \"SELECT\\n    p.id_card,\\n    p.name,\\n    p.business_role,\\n    ci.company_name,\\n    cs.share_ratio,\\n    ci.company_type\\nFROM\\n    person p\\n    LEFT JOIN company_shareholder cs ON p.id_card = cs.id_card AND cs.is_valid = \'1\'\\n    LEFT JOIN company_info ci ON cs.company_id = ci.company_id AND ci.is_valid = \'1\'\\nWHERE\\n    p.id_card = \'42090219800101000A\'\\n    AND p.system_status = \'1\'\\n    AND (\\n        p.business_role IS NOT NULL\\n        OR cs.relation_id IS NOT NULL\\n    );\", \"result_raw\": [], \"result_summary\": \"数据库未返回任何记录。未能查证到当前事实。\", \"time_range\": null, \"supports_conclusion\": null, \"confidence\": 0.5, \"exec_status\": \"no_data\", \"created_at\": \"2026-03-25T05:38:37\"}, {\"evidence_id\": \"plan_excl_unit_insurance\", \"rule_id\": \"EXCL_UNIT_INSURANCE\", \"target_id_card\": \"42090219800101000A\", \"target\": \"申请期间是否存在单位缴纳医保记录，导致不满足灵活就业补贴条件？\", \"category\": \"EXCL\", \"sql\": \"SELECT\\n    pay_month,\\n    insurer_status,\\n    company_id\\nFROM\\n    social_insurance_payment\\nWHERE\\n    id_card = \'42090219800101000A\'\\n    AND insurance_type = \'310\'\\n    AND insurer_status = \'101\'\\n    AND is_valid = \'1\'\\nORDER BY\\n    pay_month DESC;\", \"result_raw\": [], \"result_summary\": \"数据库未返回任何记录。未能查证到当前事实。\", \"time_range\": null, \"supports_conclusion\": null, \"confidence\": 0.5, \"exec_status\": \"no_data\", \"created_at\": \"2026-03-25T05:39:01\"}, {\"evidence_id\": \"plan_infer_fiscal_support\", \"rule_id\": \"INFER_FISCAL_SUPPORT\", \"target_id_card\": \"42090219800101000A\", \"target\": \"申请人是否存在财政供养或类似公共部门供养的高风险线索？\", \"category\": \"INFER\", \"sql\": \"SELECT\\n    pi.id_card,\\n    ci.company_name,\\n    ci.company_type,\\n    pi.pay_month,\\n    pi.insurance_type,\\n    pi.insurer_status,\\n    pi.pay_base\\nFROM\\n    social_insurance_payment pi\\n    INNER JOIN company_info ci ON pi.company_id = ci.company_id\\nWHERE\\n    pi.id_card = \'42090219800101000A\'\\n    AND pi.is_valid = \'1\'\\n    AND ci.is_valid = \'1\'\\n    AND ci.company_type IN (\'机关单位\', \'事业单位\')\\nORDER BY\\n    pi.pay_month DESC;\", \"result_raw\": [], \"result_summary\": \"数据库未返回任何记录。未能查证到当前事实。\", \"time_range\": null, \"supports_conclusion\": null, \"confidence\": 0.5, \"exec_status\": \"no_data\", \"created_at\": \"2026-03-25T05:39:09\"}, {\"evidence_id\": \"plan_calc_history_months\", \"rule_id\": \"CALC_HISTORY_MONTHS\", \"target_id_card\": \"42090219800101000A\", \"target\": \"申请人历史已领取月份与当前缴费月份是否满足精算核算需要？\", \"category\": \"CALC\", \"sql\": \"SELECT \\n    id_card,\\n    GROUP_CONCAT(DISTINCT pay_month ORDER BY pay_month DESC SEPARATOR \',\') AS history_pay_months,\\n    MAX(pay_month) AS latest_pay_month,\\n    MIN(pay_month) AS earliest_pay_month,\\n    COUNT(DISTINCT pay_month) AS total_months_count\\nFROM \\n    social_insurance_payment\\nWHERE \\n    id_card = \'42090219800101000A\' \\n    AND is_valid = \'1\'\\nGROUP BY \\n    id_card;\", \"result_raw\": [{\"id_card\": \"42090219800101000A\", \"history_pay_months\": \"202602,202601\", \"latest_pay_month\": \"202602\", \"earliest_pay_month\": \"202601\", \"total_months_count\": 2}], \"result_summary\": \"经核查，申请人历史缴费记录包含202601至202602共计2个月，当前最新缴费月份为202602，数据完整覆盖了核算所需的连续时段。\", \"time_range\": null, \"supports_conclusion\": true, \"confidence\": 1.0, \"exec_status\": \"success\", \"created_at\": \"2026-03-25T05:39:44\"}]}','2026-03-24 21:41:37'),('a6e9a396-9f91-4a8b-ba92-f3213f138d8a','42090219850505000B','POLICY_001','completed','/api/debate_stream','数据缺失','待定',1.0000,1,0,6,5,'2026-03-24 19:34:33','2026-03-24 19:39:54','{\"session_id\": \"a6e9a396-9f91-4a8b-ba92-f3213f138d8a\", \"id_card\": \"42090219850505000B\", \"evidence_count\": 6, \"rounds_taken\": 0, \"final_conclusion\": \"数据缺失\", \"final_stance\": \"待定\", \"consensus_rate\": 1.0, \"is_consensus_reached\": true, \"history\": [{\"round_num\": 0, \"judgments\": [{\"agent_id\": \"agent_strict\", \"agent_role\": \"严格合规Agent\", \"debate_round\": 0, \"conclusion\": \"数据缺失\", \"stance\": \"待定\", \"confidence\": 0.9, \"evidence_refs\": [], \"reasoning\": \"依据政策条文的刚性执行原则，申请人必须同时满足所有基础条件且不触发任何排斥条件。现有证据中：1. 基础条件[BASIC_001]、[BASIC_002]虽有满足证据，但不足以支撑整体通过；2. 关键排斥条件[EXCL_SHAREHOLDER]（股东身份排查）因系统异常导致证据缺失，无法确认申请人是否属于‘企业股东’等禁止申领人群；3. 排斥条件[EXCL_UNIT_INSURANCE]（单位参保）和[INFER_FISCAL_SUPPORT]（财政供养）均处于‘no_data’状态，无法排除违规风险；4. 核心计算条件[CALC_HISTORY_MONTHS]缺失缴费基数，无法完成精算核算。根据‘证据缺失即视为条件未满足’的判定准则，申请人因关键排斥条件无法核验及核心数据缺失，判定为不符合。\", \"dissent_points\": [], \"key_finding\": \"\"}, {\"agent_id\": \"agent_lenient\", \"agent_role\": \"业务宽松Agent\", \"debate_round\": 0, \"conclusion\": \"数据缺失\", \"stance\": \"待定\", \"confidence\": 0.65, \"evidence_refs\": [], \"reasoning\": \"\", \"dissent_points\": [], \"key_finding\": \"\"}, {\"agent_id\": \"agent_explorer\", \"agent_role\": \"发散探索Agent\", \"debate_round\": 0, \"conclusion\": \"不符合\", \"stance\": \"待定\", \"confidence\": 0.75, \"evidence_refs\": [], \"reasoning\": \"【已查证的正面信息】申请人李老板生命状态正常，且持有有效的\'家庭零就业人员\'就业困难认定类别，基础门槛看似满足。 【存在疑点与数据缺失】1. 核心排除条件\'工商股东身份\'查询失败（系统报错），这是重大的风险敞口，无法排除申请人经商的可能性。2. \'单位缴纳医保记录\'与\'财政供养\'查询结果均为\'no_data\'，属于证据链断裂而非\'无风险证明\'。3. 最关键的异常在于\'缴费基数缺失\'，这直接导致无法计算补贴金额。 【综合判断】在无法核实是否存在双重就业关系、是否经商、且核心计费参数缺失的情况下，申请处于高风险状态。特别是\'缴费基数缺失\'可能暗示数据源头存在录入错误或同步异常，不符合精准发放要求。\", \"dissent_points\": [\"核心计费参数\'缴费基数\'缺失，导致无法进行精算核算，这可能暗示社保缴费数据源头存在录入错误或同步异常，而非简单的数据为空。\", \"排除性规则\'工商股东身份\'查询出现技术性报错，这意味着系统无法排除申请人\'李老板\'是否存在经商办企业的违规情形，存在极大的合规隐患。\", \"申请人姓名为\'李老板\'，该名称具有强烈的个体工商户或私营企业主特征，与\'无工商股东记录\'的待验证状态形成直觉上的矛盾，需重点排查是否存在漏登或异地工商登记。\", \"当前缴费月份显示为\'202602\'（2026年2月），该时间点明显超出当前正常业务周期（假设当前为2024或2025年），存在数据预录入错误或系统时间线混乱的风险。\"], \"key_finding\": \"\"}, {\"agent_id\": \"agent_empirical\", \"agent_role\": \"经验归纳Agent\", \"debate_round\": 0, \"conclusion\": \"数据缺失\", \"stance\": \"待定\", \"confidence\": 0.65, \"evidence_refs\": [], \"reasoning\": \"此案与【模式E：数据矛盾型】高度相似。申请人虽然基础状态有效且持有就业困难认定，符合补贴的表面条件，但核心的排除性审查（工商股东、单位医保、财政供养）均出现系统异常或数据缺失。特别是\'card_EXCL_SHAREHOLDER\'出现系统保护性拦截，这在经验中往往暗示底层数据存在格式异常或严重冲突。此外，精算数据中缴费基数缺失，导致无法完成金额核算。综合判断，这不是一个标准的合规案例，而是一个典型的\'系统数据质量问题\'案例，必须转人工核实。\", \"dissent_points\": [], \"key_finding\": \"\"}, {\"agent_id\": \"agent_auditor\", \"agent_role\": \"审计反驳Agent\", \"debate_round\": 0, \"conclusion\": \"数据缺失\", \"stance\": \"待定\", \"confidence\": 0.1, \"evidence_refs\": [], \"reasoning\": \"LLM 输出解析失败，原始片段: ```json\\n{\\n  \\\"agent_id\\\": \\\"Audit_Refusal_Agent\\\",\\n  \\\"agent_role\\\": \\\"审计反驳Agent\\\",\\n  \\\"final_decision\\\": \\\"不符合\\\",\\n  \\\"confidence\\\": 0\", \"dissent_points\": [\"LLM 输出不是有效 JSON\"], \"key_finding\": \"解析失败\"}], \"total\": 5, \"majority_stance\": \"待定\", \"majority_count\": 5, \"consensus_rate\": 1.0, \"is_consensus_reached\": true}], \"policy_id\": \"POLICY_001\", \"status\": \"completed\", \"source_endpoint\": \"/api/debate_stream\", \"started_at\": \"2026-03-24T19:34:33\", \"completed_at\": \"2026-03-24T19:39:53\", \"summary\": {\"status\": \"completed\", \"policy_id\": \"POLICY_001\", \"source_endpoint\": \"/api/debate_stream\", \"final_conclusion\": \"数据缺失\", \"final_stance\": \"待定\", \"consensus_rate\": 1.0, \"is_consensus_reached\": true, \"rounds_taken\": 0, \"evidence_count\": 6, \"agent_count\": 5}, \"evidence\": [{\"evidence_id\": \"plan_basic_hardship_category\", \"rule_id\": \"BASIC_HARDSHIP_CATEGORY\", \"target_id_card\": \"42090219850505000B\", \"target\": \"申请人是否具有有效的就业困难人员认定类别？\", \"category\": \"BASIC\", \"sql\": \"SELECT\\n    hardship_category\\nFROM\\n    hardship_certification\\nWHERE\\n    id_card = \'42090219850505000B\'\\n    AND is_valid = \'1\'\\nORDER BY\\n    apply_date DESC\\nLIMIT 1;\", \"result_raw\": [{\"hardship_category\": \"家庭零就业人员\"}], \"result_summary\": \"已查实申请人当前持有有效的就业困难人员认定类别，具体为‘家庭零就业人员’。\", \"time_range\": null, \"supports_conclusion\": true, \"confidence\": 1.0, \"exec_status\": \"success\", \"created_at\": \"2026-03-25T03:34:57\"}, {\"evidence_id\": \"plan_basic_person_active\", \"rule_id\": \"BASIC_PERSON_ACTIVE\", \"target_id_card\": \"42090219850505000B\", \"target\": \"申请人是否处于存活且系统有效的基础状态？\", \"category\": \"BASIC\", \"sql\": \"SELECT\\n    id_card,\\n    name,\\n    life_status,\\n    system_status\\nFROM\\n    person\\nWHERE\\n    id_card = \'42090219850505000B\'\\n    AND life_status = \'生存\'\\n    AND system_status = \'1\';\", \"result_raw\": [{\"id_card\": \"42090219850505000B\", \"name\": \"李老板\", \"life_status\": \"生存\", \"system_status\": \"1\"}], \"result_summary\": \"已查实申请人李老板当前生命状态为生存，且系统状态码为1（有效），表明其基础状态正常。\", \"time_range\": null, \"supports_conclusion\": true, \"confidence\": 1.0, \"exec_status\": \"success\", \"created_at\": \"2026-03-25T03:35:06\"}, {\"evidence_id\": \"plan_excl_shareholder\", \"rule_id\": \"EXCL_SHAREHOLDER\", \"target_id_card\": \"42090219850505000B\", \"target\": \"申请人是否存在会触发排除的企业股东或工商主体身份？\", \"category\": \"EXCL\", \"sql\": \"SQL 生成与执行链路遭受毁灭性破坏\", \"result_raw\": [], \"result_summary\": \"系统保护性拦截异常: Object of type Decimal is not JSON serializable\", \"time_range\": null, \"supports_conclusion\": null, \"confidence\": 0.0, \"exec_status\": \"failed\", \"created_at\": \"2026-03-25T03:35:21\"}, {\"evidence_id\": \"plan_excl_unit_insurance\", \"rule_id\": \"EXCL_UNIT_INSURANCE\", \"target_id_card\": \"42090219850505000B\", \"target\": \"申请期间是否存在单位缴纳医保记录，导致不满足灵活就业补贴条件？\", \"category\": \"EXCL\", \"sql\": \"SELECT\\n    id_card,\\n    pay_month,\\n    insurer_status,\\n    company_id\\nFROM\\n    social_insurance_payment\\nWHERE\\n    id_card = \'42090219850505000B\'\\n    AND insurance_type = \'310\'\\n    AND insurer_status = \'101\'\\n    AND is_valid = \'1\'\\nORDER BY\\n    pay_month DESC;\", \"result_raw\": [], \"result_summary\": \"数据库未返回任何记录。未能查证到当前事实。\", \"time_range\": null, \"supports_conclusion\": null, \"confidence\": 0.5, \"exec_status\": \"no_data\", \"created_at\": \"2026-03-25T03:35:25\"}, {\"evidence_id\": \"plan_infer_fiscal_support\", \"rule_id\": \"INFER_FISCAL_SUPPORT\", \"target_id_card\": \"42090219850505000B\", \"target\": \"申请人是否存在财政供养或类似公共部门供养的高风险线索？\", \"category\": \"INFER\", \"sql\": \"SELECT\\n    sip.payment_id,\\n    sip.id_card,\\n    sip.company_id,\\n    ci.company_name,\\n    ci.company_type,\\n    sip.insurance_type,\\n    sip.pay_month,\\n    sip.insurer_status,\\n    sip.pay_base\\nFROM\\n    social_insurance_payment sip\\nINNER JOIN\\n    company_info ci ON sip.company_id = ci.company_id\\nWHERE\\n    sip.id_card = \'42090219850505000B\'\\n    AND sip.is_valid = \'1\'\\n    AND ci.is_valid = \'1\'\\n    AND sip.insurer_status = \'101\'\\n    AND ci.company_type IN (\'机关单位\', \'事业单位\')\\nORDER BY\\n    sip.pay_month DESC;\", \"result_raw\": [], \"result_summary\": \"数据库未返回任何记录。未能查证到当前事实。\", \"time_range\": null, \"supports_conclusion\": null, \"confidence\": 0.5, \"exec_status\": \"no_data\", \"created_at\": \"2026-03-25T03:35:36\"}, {\"evidence_id\": \"plan_calc_history_months\", \"rule_id\": \"CALC_HISTORY_MONTHS\", \"target_id_card\": \"42090219850505000B\", \"target\": \"申请人历史已领取月份与当前缴费月份是否满足精算核算需要？\", \"category\": \"CALC\", \"sql\": \"SELECT \\n    id_card,\\n    pay_month,\\n    insurance_type,\\n    insurer_status,\\n    pay_base\\nFROM \\n    social_insurance_payment\\nWHERE \\n    id_card = \'42090219850505000B\' \\n    AND is_valid = \'1\'\\nORDER BY \\n    pay_month DESC;\", \"result_raw\": [{\"id_card\": \"42090219850505000B\", \"pay_month\": \"202602\", \"insurance_type\": \"110\", \"insurer_status\": \"102\", \"pay_base\": null}], \"result_summary\": \"经核查，申请人当前缴费月份为202602，险种类型为110，参保状态为102，但缴费基数缺失，无法计算历史已领取月份与当前缴费月份的精算核算关系。\", \"time_range\": null, \"supports_conclusion\": null, \"confidence\": 1.0, \"exec_status\": \"success\", \"created_at\": \"2026-03-25T03:36:30\"}]}','2026-03-24 19:39:53'),('ab49e030-36c0-446e-a1c0-86c8d84a2f61','42090219760310000D','POLICY_001','completed','/api/debate_stream','数据缺失','待定',1.0000,1,0,6,5,'2026-03-24 17:01:36','2026-03-24 17:06:17','{\"session_id\": \"ab49e030-36c0-446e-a1c0-86c8d84a2f61\", \"id_card\": \"42090219760310000D\", \"evidence_count\": 6, \"rounds_taken\": 0, \"final_conclusion\": \"数据缺失\", \"final_stance\": \"待定\", \"consensus_rate\": 1.0, \"is_consensus_reached\": true, \"history\": [{\"round_num\": 0, \"judgments\": [{\"agent_id\": \"agent_strict\", \"agent_role\": \"严格合规Agent\", \"debate_round\": 0, \"conclusion\": \"不符合\", \"stance\": \"待定\", \"confidence\": 0.9, \"evidence_refs\": [], \"reasoning\": \"依据政策条文，灵活就业社保补贴资格认定要求基础条件必须全部有明确满足的证据。现有证据显示：\\n1. 基础条件[BASIC_HARDSHIP_CATEGORY]（就业困难人员认定类别）状态为\'no_data\'，属于证据缺失，无法证实申请人具备申请资格的必要前提条件，该基础条件判定为未满足。\\n2. 排斥条件[EXCL_SHAREHOLDER]、[EXCL_UNIT_INSURANCE]、[INFER_FISCAL_SUPPORT]均为\'no_data\'，无法排除申请人存在违规领取补贴或不符合灵活就业状态的风险。\\n根据\'基础条件6项必须全部有明确满足的证据，缺任一即判不符合\'的原则，因核心认定类别证据缺失，直接判定不符合。\", \"dissent_points\": [], \"key_finding\": \"\"}, {\"agent_id\": \"agent_lenient\", \"agent_role\": \"业务宽松Agent\", \"debate_round\": 0, \"conclusion\": \"数据缺失\", \"stance\": \"待定\", \"confidence\": 0.65, \"evidence_refs\": [], \"reasoning\": \"基于业务实操视角，申请人基础信息有效（生存且系统正常），且历史领取记录与当前缴费月份核算清晰，无超期领取风险。虽然就业困难认定、股东身份、单位参保、财政供养等关键排斥条件均显示\'证据缺失\'，但依据\'法无禁止即可为\'的服务理念，排斥条件无数据触发（exec_status=\'no_data\'）应视为未触发排斥，这对申请人是利好。在无明确违规记录的前提下，不应因后台数据同步滞后或查证暂时空白而拒绝真实困难人员的申请。建议在后续环节补全就业困难认定证明，但当前节点倾向于通过。\", \"dissent_points\": [], \"key_finding\": \"\"}, {\"agent_id\": \"agent_explorer\", \"agent_role\": \"发散探索Agent\", \"debate_round\": 0, \"conclusion\": \"不符合\", \"stance\": \"待定\", \"confidence\": 0.75, \"evidence_refs\": [], \"reasoning\": \"已查证信息：申请人生命状态正常，且历史领取记录显示仅有202602单月记录。尚未核实信息：就业困难人员认定类别、工商股东身份、单位代缴医保记录、财政供养情况四项核心证据均显示\'no_data\'。存在疑点：在四项关键资格准入与排除条件证据完全缺失的情况下，现有的两项\'通过\'证据不足以支撑资格认定。特别是\'就业困难人员认定\'作为申请的前置条件，其缺失直接导致资格不成立。同时，\'单位缴纳医保\'数据的缺失无法排除申请人已实现单位就业的冲突可能。\", \"dissent_points\": [\"核心前置条件证据缺失：[card_BASIC_HARDSHIP_CATEGORY] 显示\'no_data\'，意味着无法确认申请人是否具备\'就业困难人员\'这一核心申请资格，根据政策逻辑，无认定即无资格，不能视为默认通过。\", \"排除性条款无法核验：[card_EXCL_SHAREHOLDER] 和 [card_EXCL_UNIT_INSURANCE] 均无数据。若申请人正在经营个体工商户或已由单位缴纳社保，则直接违反灵活就业补贴的排他性规定，当前数据盲区构成重大风险。\", \"数据完整性存疑：6项证据中有4项缺失，证据链完整度不足40%。在此情况下，[card_CALC_HISTORY_MONTHS] 显示的\'202602\'记录虽然逻辑自洽，但缺乏身份背景支撑，存在\'错误发放\'的历史遗留风险隐患。\", \"财政供养风险未排除：[card_INFER_FISCAL_SUPPORT] 数据缺失，无法排除申请人属于公务员或事业单位在编人员等违规申领群体。\"], \"key_finding\": \"\"}, {\"agent_id\": \"agent_empirical\", \"agent_role\": \"经验归纳Agent\", \"debate_round\": 0, \"conclusion\": \"数据缺失\", \"stance\": \"待定\", \"confidence\": 0.5, \"evidence_refs\": [], \"reasoning\": \"\", \"dissent_points\": [], \"key_finding\": \"\"}, {\"agent_id\": \"agent_auditor\", \"agent_role\": \"审计反驳Agent\", \"debate_round\": 0, \"conclusion\": \"数据缺失\", \"stance\": \"待定\", \"confidence\": 0.7, \"evidence_refs\": [], \"reasoning\": \"作为审计反驳Agent，我认为该申请目前完全不符合审批通过的标准。核心依据如下：1. 基础条件存在致命缺失：\'就业困难人员认定类别\'(card_BASIC_HARDSHIP_CATEGORY)是申请补贴的前置资格条件，目前证据状态为\'no_data\'。根据审计准则，\'未查到记录\'不等于\'具备资格\'，缺乏必要的身份认定文件直接导致申请资格不成立。2. 排斥条件验证失效：虽然申请人处于存活状态(card_BASIC_PERSON_ACTIVE)，但三项关键的排斥性条件（工商股东、单位医保、财政供养）均显示为\'no_data\'。这种状态无法证明申请人\'不存在\'排斥情形，只能说明\'未发现\'，存在极大的合规风险敞口。3. 历史数据存在异常信号：card_CALC_HISTORY_MONTHS 显示历史已领取月份为202602，当前缴费月份也是202602，数据过于\'巧合\'且累计月数极少，这种\'完美\'的初始状态反而需要警惕是否存在新开户套取补贴或数据录入错误的风险。综上所述，在缺乏核心资质证明且排斥风险未排除的情况下，申请不应通过。\", \"dissent_points\": [\"基础资质证据链断裂：申请人未能提供\'就业困难人员认定\'的有效证明（证据返回no_data），缺乏这一前置条件，任何后续的补贴计算都缺乏合法性基础。\", \"排斥条件验证不足：对于\'无股东身份\'、\'无单位医保\'、\'无财政供养\'三项关键排斥条件，证据显示均为\'no_data\'。其他Agent若将此解读为\'符合条件\'即犯了\'诉诸无知\'的逻辑谬误，\'未发现违规\'不等于\'确实合规\'。\", \"数据完整性风险：六项证据中有四项为\'no_data\'，证据完整度极低。在此情况下强行判定，极易造成违规发放。\", \"历史核算数据存疑：历史领取月份与当前缴费月份完全重合（均为202602），这种\'零历史积累\'的完美状态在实际业务中占比极低，建议人工核实是否存在系统数据污染或欺诈申请风险。\"], \"key_finding\": \"\"}], \"total\": 5, \"majority_stance\": \"待定\", \"majority_count\": 5, \"consensus_rate\": 1.0, \"is_consensus_reached\": true}], \"status\": \"completed\", \"source_endpoint\": \"/api/debate_stream\", \"started_at\": \"2026-03-24T17:01:36\", \"completed_at\": \"2026-03-24T17:06:16\", \"summary\": {\"status\": \"completed\", \"source_endpoint\": \"/api/debate_stream\", \"final_conclusion\": \"数据缺失\", \"final_stance\": \"待定\", \"consensus_rate\": 1.0, \"is_consensus_reached\": true, \"rounds_taken\": 0, \"evidence_count\": 6, \"agent_count\": 5}, \"evidence\": [{\"evidence_id\": \"plan_basic_hardship_category\", \"rule_id\": \"BASIC_HARDSHIP_CATEGORY\", \"target_id_card\": \"42090219760310000D\", \"target\": \"申请人是否具有有效的就业困难人员认定类别？\", \"category\": \"BASIC\", \"sql\": \"SELECT\\n    hardship_category\\nFROM\\n    hardship_certification\\nWHERE\\n    id_card = \'42090219760310000D\'\\n    AND is_valid = \'1\'\\n    AND (cancel_date IS NULL OR cancel_date > CURDATE())\\nORDER BY\\n    apply_date DESC\\nLIMIT 1;\", \"result_raw\": [], \"result_summary\": \"数据库未返回任何记录。未能查证到当前事实。\", \"time_range\": null, \"supports_conclusion\": null, \"confidence\": 0.5, \"exec_status\": \"no_data\", \"created_at\": \"2026-03-25T01:01:47\"}, {\"evidence_id\": \"plan_basic_person_active\", \"rule_id\": \"BASIC_PERSON_ACTIVE\", \"target_id_card\": \"42090219760310000D\", \"target\": \"申请人是否处于存活且系统有效的基础状态？\", \"category\": \"BASIC\", \"sql\": \"SELECT\\n    id_card,\\n    name,\\n    life_status,\\n    system_status\\nFROM\\n    person\\nWHERE\\n    id_card = \'42090219760310000D\'\\n    AND life_status = \'生存\'\\n    AND system_status = \'1\'\\nLIMIT 1;\", \"result_raw\": [{\"id_card\": \"42090219760310000D\", \"name\": \"赵争议\", \"life_status\": \"生存\", \"system_status\": \"1\"}], \"result_summary\": \"已查实申请人赵争议当前生命状态为“生存”，且系统状态码为“1”表示系统有效。\", \"time_range\": null, \"supports_conclusion\": true, \"confidence\": 1.0, \"exec_status\": \"success\", \"created_at\": \"2026-03-25T01:01:57\"}, {\"evidence_id\": \"plan_excl_shareholder\", \"rule_id\": \"EXCL_SHAREHOLDER\", \"target_id_card\": \"42090219760310000D\", \"target\": \"申请人是否存在会触发排除的企业股东或工商主体身份？\", \"category\": \"EXCL\", \"sql\": \"SELECT \\n    p.id_card,\\n    p.name,\\n    p.business_role,\\n    ci.company_name,\\n    ci.company_type,\\n    cs.share_ratio\\nFROM \\n    person p\\nLEFT JOIN \\n    company_shareholder cs ON p.id_card = cs.id_card AND cs.is_valid = \'1\'\\nLEFT JOIN \\n    company_info ci ON cs.company_id = ci.company_id AND ci.is_valid = \'1\'\\nWHERE \\n    p.id_card = \'42090219760310000D\' \\n    AND p.system_status = \'1\'\\n    AND (\\n        -- 情况1：人员主表直接标记为工商注册身份（法人或个体工商户）\\n        p.business_role IN (\'企业法人\', \'个体工商户\')\\n        -- 情况2：在有效企业中持有股份（股东身份）\\n        OR cs.relation_id IS NOT NULL\\n    );\", \"result_raw\": [], \"result_summary\": \"数据库未返回任何记录。未能查证到当前事实。\", \"time_range\": null, \"supports_conclusion\": null, \"confidence\": 0.5, \"exec_status\": \"no_data\", \"created_at\": \"2026-03-25T01:02:33\"}, {\"evidence_id\": \"plan_excl_unit_insurance\", \"rule_id\": \"EXCL_UNIT_INSURANCE\", \"target_id_card\": \"42090219760310000D\", \"target\": \"申请期间是否存在单位缴纳医保记录，导致不满足灵活就业补贴条件？\", \"category\": \"EXCL\", \"sql\": \"SELECT\\n    id_card,\\n    pay_month,\\n    insurer_status,\\n    company_id\\nFROM\\n    social_insurance_payment\\nWHERE\\n    id_card = \'42090219760310000D\'\\n    AND insurance_type = \'310\'\\n    AND insurer_status = \'101\'\\n    AND is_valid = \'1\'\\nORDER BY\\n    pay_month DESC;\", \"result_raw\": [], \"result_summary\": \"数据库未返回任何记录。未能查证到当前事实。\", \"time_range\": null, \"supports_conclusion\": null, \"confidence\": 0.5, \"exec_status\": \"no_data\", \"created_at\": \"2026-03-25T01:02:49\"}, {\"evidence_id\": \"plan_infer_fiscal_support\", \"rule_id\": \"INFER_FISCAL_SUPPORT\", \"target_id_card\": \"42090219760310000D\", \"target\": \"申请人是否存在财政供养或类似公共部门供养的高风险线索？\", \"category\": \"INFER\", \"sql\": \"SELECT\\n    si.id_card,\\n    si.pay_month,\\n    si.insurance_type,\\n    si.insurer_status,\\n    ci.company_id,\\n    ci.company_name,\\n    ci.company_type,\\n    CASE\\n        WHEN ci.company_type IN (\'机关单位\', \'事业单位\') THEN \'高风险：单位性质为机关/事业单位，存在财政供养嫌疑\'\\n        WHEN ci.company_type = \'社会团体\' THEN \'中风险：单位性质为社会团体，存在公共部门供养可能\'\\n        ELSE \'低风险\'\\n    END AS risk_clue_level\\nFROM\\n    social_insurance_payment si\\nINNER JOIN\\n    company_info ci ON si.company_id = ci.company_id\\nWHERE\\n    si.id_card = \'42090219760310000D\'\\n    AND si.is_valid = \'1\'\\n    AND ci.is_valid = \'1\'\\n    AND si.insurer_status = \'101\'\\n    AND ci.company_type IN (\'机关单位\', \'事业单位\', \'社会团体\')\\nORDER BY\\n    si.pay_month DESC;\", \"result_raw\": [], \"result_summary\": \"数据库未返回任何记录。未能查证到当前事实。\", \"time_range\": null, \"supports_conclusion\": null, \"confidence\": 0.5, \"exec_status\": \"no_data\", \"created_at\": \"2026-03-25T01:02:58\"}, {\"evidence_id\": \"plan_calc_history_months\", \"rule_id\": \"CALC_HISTORY_MONTHS\", \"target_id_card\": \"42090219760310000D\", \"target\": \"申请人历史已领取月份与当前缴费月份是否满足精算核算需要？\", \"category\": \"CALC\", \"sql\": \"SELECT \\n    id_card,\\n    GROUP_CONCAT(DISTINCT pay_month ORDER BY pay_month ASC SEPARATOR \',\') AS history_pay_months,\\n    MAX(pay_month) AS current_pay_month,\\n    COUNT(DISTINCT pay_month) AS total_months\\nFROM \\n    social_insurance_payment\\nWHERE \\n    id_card = \'42090219760310000D\' \\n    AND is_valid = \'1\'\\nGROUP BY \\n    id_card;\", \"result_raw\": [{\"id_card\": \"42090219760310000D\", \"history_pay_months\": \"202602\", \"current_pay_month\": \"202602\", \"total_months\": 1}], \"result_summary\": \"经核查，申请人历史已领取月份为202602，当前缴费月份为202602，两者重合且累计核算总月数仅为1个月。\", \"time_range\": null, \"supports_conclusion\": true, \"confidence\": 1.0, \"exec_status\": \"success\", \"created_at\": \"2026-03-25T01:03:19\"}]}','2026-03-24 17:06:16'),('b5cbcf8e-2f7d-4eb5-a77f-166c1ff49ece','42090219800101000A','POLICY_001','completed','/api/debate_stream','数据缺失','待定',1.0000,1,0,0,5,'2026-03-25 11:42:30','2026-03-25 11:43:49','{\"session_id\": \"b5cbcf8e-2f7d-4eb5-a77f-166c1ff49ece\", \"id_card\": \"42090219800101000A\", \"evidence_count\": 0, \"rounds_taken\": 0, \"final_conclusion\": \"数据缺失\", \"final_stance\": \"待定\", \"consensus_rate\": 1.0, \"is_consensus_reached\": true, \"history\": [{\"round_num\": 0, \"judgments\": [{\"agent_id\": \"agent_strict\", \"agent_role\": \"严格合规Agent\", \"debate_round\": 0, \"conclusion\": \"数据缺失\", \"stance\": \"待定\", \"confidence\": 0.0, \"evidence_refs\": [], \"reasoning\": \"系统错误导致判断失败: \'EvidencePlanItem\' object has no attribute \'evidence_targets\'\", \"dissent_points\": [], \"key_finding\": \"系统调度异常\"}, {\"agent_id\": \"agent_lenient\", \"agent_role\": \"业务宽松Agent\", \"debate_round\": 0, \"conclusion\": \"数据缺失\", \"stance\": \"待定\", \"confidence\": 0.0, \"evidence_refs\": [], \"reasoning\": \"系统错误导致判断失败: \'EvidencePlanItem\' object has no attribute \'evidence_targets\'\", \"dissent_points\": [], \"key_finding\": \"系统调度异常\"}, {\"agent_id\": \"agent_explorer\", \"agent_role\": \"发散探索Agent\", \"debate_round\": 0, \"conclusion\": \"数据缺失\", \"stance\": \"待定\", \"confidence\": 0.0, \"evidence_refs\": [], \"reasoning\": \"系统错误导致判断失败: \'EvidencePlanItem\' object has no attribute \'evidence_targets\'\", \"dissent_points\": [], \"key_finding\": \"系统调度异常\"}, {\"agent_id\": \"agent_empirical\", \"agent_role\": \"经验归纳Agent\", \"debate_round\": 0, \"conclusion\": \"数据缺失\", \"stance\": \"待定\", \"confidence\": 0.0, \"evidence_refs\": [], \"reasoning\": \"系统错误导致判断失败: \'EvidencePlanItem\' object has no attribute \'evidence_targets\'\", \"dissent_points\": [], \"key_finding\": \"系统调度异常\"}, {\"agent_id\": \"agent_auditor\", \"agent_role\": \"审计反驳Agent\", \"debate_round\": 0, \"conclusion\": \"数据缺失\", \"stance\": \"待定\", \"confidence\": 0.0, \"evidence_refs\": [], \"reasoning\": \"系统错误导致判断失败: \'EvidencePlanItem\' object has no attribute \'evidence_targets\'\", \"dissent_points\": [], \"key_finding\": \"系统调度异常\"}], \"total\": 5, \"majority_stance\": \"待定\", \"majority_count\": 5, \"consensus_rate\": 1.0, \"is_consensus_reached\": true}], \"policy_id\": \"POLICY_001\", \"status\": \"completed\", \"source_endpoint\": \"/api/debate_stream\", \"started_at\": \"2026-03-25T11:42:29\", \"completed_at\": \"2026-03-25T11:43:48\", \"summary\": {\"status\": \"completed\", \"policy_id\": \"POLICY_001\", \"source_endpoint\": \"/api/debate_stream\", \"final_conclusion\": \"数据缺失\", \"final_stance\": \"待定\", \"consensus_rate\": 1.0, \"is_consensus_reached\": true, \"rounds_taken\": 0, \"evidence_count\": 0, \"agent_count\": 5}, \"evidence\": []}','2026-03-25 11:43:48'),('c9c117ee-4ac6-4c25-99a4-0ca2cf07d2a5','42090219850505000B','POLICY_001','completed','/api/debate_stream','数据缺失','待定',1.0000,1,0,6,5,'2026-03-24 16:54:03','2026-03-24 16:56:52','{\"session_id\": \"c9c117ee-4ac6-4c25-99a4-0ca2cf07d2a5\", \"id_card\": \"42090219850505000B\", \"evidence_count\": 6, \"rounds_taken\": 0, \"final_conclusion\": \"数据缺失\", \"final_stance\": \"待定\", \"consensus_rate\": 1.0, \"is_consensus_reached\": true, \"history\": [{\"round_num\": 0, \"judgments\": [{\"agent_id\": \"agent_strict\", \"agent_role\": \"严格合规Agent\", \"debate_round\": 0, \"conclusion\": \"数据缺失\", \"stance\": \"待定\", \"confidence\": 0.0, \"evidence_refs\": [], \"reasoning\": \"系统错误导致判断失败: Connection error.\", \"dissent_points\": [], \"key_finding\": \"系统调度异常\"}, {\"agent_id\": \"agent_lenient\", \"agent_role\": \"业务宽松Agent\", \"debate_round\": 0, \"conclusion\": \"数据缺失\", \"stance\": \"待定\", \"confidence\": 0.0, \"evidence_refs\": [], \"reasoning\": \"系统错误导致判断失败: Connection error.\", \"dissent_points\": [], \"key_finding\": \"系统调度异常\"}, {\"agent_id\": \"agent_explorer\", \"agent_role\": \"发散探索Agent\", \"debate_round\": 0, \"conclusion\": \"数据缺失\", \"stance\": \"待定\", \"confidence\": 0.0, \"evidence_refs\": [], \"reasoning\": \"系统错误导致判断失败: Request timed out.\", \"dissent_points\": [], \"key_finding\": \"系统调度异常\"}, {\"agent_id\": \"agent_empirical\", \"agent_role\": \"经验归纳Agent\", \"debate_round\": 0, \"conclusion\": \"数据缺失\", \"stance\": \"待定\", \"confidence\": 0.0, \"evidence_refs\": [], \"reasoning\": \"系统错误导致判断失败: Connection error.\", \"dissent_points\": [], \"key_finding\": \"系统调度异常\"}, {\"agent_id\": \"agent_auditor\", \"agent_role\": \"审计反驳Agent\", \"debate_round\": 0, \"conclusion\": \"数据缺失\", \"stance\": \"待定\", \"confidence\": 0.0, \"evidence_refs\": [], \"reasoning\": \"系统错误导致判断失败: Connection error.\", \"dissent_points\": [], \"key_finding\": \"系统调度异常\"}], \"total\": 5, \"majority_stance\": \"待定\", \"majority_count\": 5, \"consensus_rate\": 1.0, \"is_consensus_reached\": true}], \"status\": \"completed\", \"source_endpoint\": \"/api/debate_stream\", \"started_at\": \"2026-03-24T16:54:02\", \"completed_at\": \"2026-03-24T16:56:51\", \"summary\": {\"status\": \"completed\", \"source_endpoint\": \"/api/debate_stream\", \"final_conclusion\": \"数据缺失\", \"final_stance\": \"待定\", \"consensus_rate\": 1.0, \"is_consensus_reached\": true, \"rounds_taken\": 0, \"evidence_count\": 6, \"agent_count\": 5}, \"evidence\": [{\"evidence_id\": \"plan_basic_hardship_category\", \"rule_id\": \"BASIC_HARDSHIP_CATEGORY\", \"target_id_card\": \"42090219850505000B\", \"target\": \"申请人是否具有有效的就业困难人员认定类别？\", \"category\": \"BASIC\", \"sql\": \"SELECT\\n    hardship_category\\nFROM\\n    hardship_certification\\nWHERE\\n    id_card = \'42090219850505000B\'\\n    AND is_valid = \'1\'\\n    AND (cancel_date IS NULL OR cancel_date > CURDATE())\\nORDER BY\\n    apply_date DESC\\nLIMIT 1;\", \"result_raw\": [{\"hardship_category\": \"家庭零就业人员\"}], \"result_summary\": \"已查实申请人持有有效的就业困难人员认定类别，具体类别为家庭零就业人员。\", \"time_range\": null, \"supports_conclusion\": true, \"confidence\": 1.0, \"exec_status\": \"success\", \"created_at\": \"2026-03-25T00:54:23\"}, {\"evidence_id\": \"plan_basic_person_active\", \"rule_id\": \"BASIC_PERSON_ACTIVE\", \"target_id_card\": \"42090219850505000B\", \"target\": \"申请人是否处于存活且系统有效的基础状态？\", \"category\": \"BASIC\", \"sql\": \"SELECT\\n    id_card,\\n    name,\\n    life_status,\\n    system_status\\nFROM\\n    person\\nWHERE\\n    id_card = \'42090219850505000B\'\\n    AND life_status = \'生存\'\\n    AND system_status = \'1\';\", \"result_raw\": [{\"id_card\": \"42090219850505000B\", \"name\": \"李老板\", \"life_status\": \"生存\", \"system_status\": \"1\"}], \"result_summary\": \"提取到 1 条记录片段：[{\'id_card\': \'42090219850505000B\', \'name\': \'李老板\', \'life_status\': \'生存\', \'system_status\': \'1\'}]...\", \"time_range\": null, \"supports_conclusion\": null, \"confidence\": 1.0, \"exec_status\": \"success\", \"created_at\": \"2026-03-25T00:55:02\"}, {\"evidence_id\": \"plan_excl_shareholder\", \"rule_id\": \"EXCL_SHAREHOLDER\", \"target_id_card\": \"42090219850505000B\", \"target\": \"申请人是否存在会触发排除的企业股东或工商主体身份？\", \"category\": \"EXCL\", \"sql\": \"SQL 生成与执行链路遭受毁灭性破坏\", \"result_raw\": [], \"result_summary\": \"系统保护性拦截异常: Connection error.\", \"time_range\": null, \"supports_conclusion\": null, \"confidence\": 0.0, \"exec_status\": \"failed\", \"created_at\": \"2026-03-25T00:55:14\"}, {\"evidence_id\": \"plan_excl_unit_insurance\", \"rule_id\": \"EXCL_UNIT_INSURANCE\", \"target_id_card\": \"42090219850505000B\", \"target\": \"申请期间是否存在单位缴纳医保记录，导致不满足灵活就业补贴条件？\", \"category\": \"EXCL\", \"sql\": \"SQL 生成与执行链路遭受毁灭性破坏\", \"result_raw\": [], \"result_summary\": \"系统保护性拦截异常: Connection error.\", \"time_range\": null, \"supports_conclusion\": null, \"confidence\": 0.0, \"exec_status\": \"failed\", \"created_at\": \"2026-03-25T00:55:26\"}, {\"evidence_id\": \"plan_infer_fiscal_support\", \"rule_id\": \"INFER_FISCAL_SUPPORT\", \"target_id_card\": \"42090219850505000B\", \"target\": \"申请人是否存在财政供养或类似公共部门供养的高风险线索？\", \"category\": \"INFER\", \"sql\": \"SQL 生成与执行链路遭受毁灭性破坏\", \"result_raw\": [], \"result_summary\": \"系统保护性拦截异常: Connection error.\", \"time_range\": null, \"supports_conclusion\": null, \"confidence\": 0.0, \"exec_status\": \"failed\", \"created_at\": \"2026-03-25T00:55:38\"}, {\"evidence_id\": \"plan_calc_history_months\", \"rule_id\": \"CALC_HISTORY_MONTHS\", \"target_id_card\": \"42090219850505000B\", \"target\": \"申请人历史已领取月份与当前缴费月份是否满足精算核算需要？\", \"category\": \"CALC\", \"sql\": \"SQL 生成与执行链路遭受毁灭性破坏\", \"result_raw\": [], \"result_summary\": \"系统保护性拦截异常: Connection error.\", \"time_range\": null, \"supports_conclusion\": null, \"confidence\": 0.0, \"exec_status\": \"failed\", \"created_at\": \"2026-03-25T00:55:50\"}]}','2026-03-24 16:56:51'),('e1097bae-4939-4d64-ad34-d1ec001ce10a','42090219760310000D','POLICY_001','completed','/api/debate_stream','数据缺失','待定',1.0000,1,0,21,5,'2026-03-24 11:26:54','2026-03-24 11:30:35','{\"session_id\": \"e1097bae-4939-4d64-ad34-d1ec001ce10a\", \"id_card\": \"42090219760310000D\", \"evidence_count\": 21, \"rounds_taken\": 0, \"final_conclusion\": \"数据缺失\", \"final_stance\": \"待定\", \"consensus_rate\": 1.0, \"is_consensus_reached\": true, \"history\": [{\"round_num\": 0, \"judgments\": [{\"agent_id\": \"agent_strict\", \"agent_role\": \"严格合规Agent\", \"debate_round\": 0, \"conclusion\": \"不符合\", \"stance\": \"待定\", \"confidence\": 0.9, \"evidence_refs\": [], \"reasoning\": \"依据政策条文，基础条件必须全部有明确满足的证据。现有证据显示：1. 基础条件[BASIC_003]灵活就业登记、[BASIC_004]失业登记、[BASIC_005]就业困难人员认定均显示\'未查到数据\'（exec_status=no_data），属于核心申请资格缺失，直接判定不符合。2. 排斥条件[EXCL_007]显示申请人男性，出生日期1976-03-10，至当前已满49周岁，虽未达60岁退休年龄，但无证据支持其符合\'就业困难人员\'这一前置门槛。3. 证据链中大量关键字段缺失（如工商登记、医保记录等），无法形成合规闭环。根据\'no_data即未满足\'原则，判定不符合。\", \"dissent_points\": [], \"key_finding\": \"\"}, {\"agent_id\": \"agent_lenient\", \"agent_role\": \"业务宽松Agent\", \"debate_round\": 0, \"conclusion\": \"数据缺失\", \"stance\": \"待定\", \"confidence\": 0.65, \"evidence_refs\": [], \"reasoning\": \"\", \"dissent_points\": [], \"key_finding\": \"\"}, {\"agent_id\": \"agent_explorer\", \"agent_role\": \"发散探索Agent\", \"debate_round\": 0, \"conclusion\": \"不符合\", \"stance\": \"待定\", \"confidence\": 0.75, \"evidence_refs\": [], \"reasoning\": \"1. 【已查证的】申请人身份信息清晰，户籍符合要求，社保缴费基数4000元看似正常，且系统显示历史补贴月数为0，表面看似符合申领初步条件。\\n2. 【尚未核实的】这是本案例最大的风险点。申请人是否具备\'就业困难人员\'身份是申领补贴的核心前提，但证据显示[BASIC_003]、[BASIC_004]、[BASIC_005]均为\'未查到数据\'。这意味着申请人可能根本未进行失业登记或就业困难认定，或者数据未同步。\\n3. 【存在疑点的】工商核查的6项证据全部缺失。作为\'发散探索者\'，我认为这不仅仅是\'无记录\'，而是\'数据盲区\'。无法排除申请人名下是否存在未注销的个体工商户或企业股东身份，这直接构成排斥条件。此外，医保单位缴纳记录缺失，无法排除其是否存在隐形就业。\", \"dissent_points\": [\"核心资格证据链断裂：证据[BASIC_005]显示就业困难人员认定记录缺失。若无此认定，申请人不具备申领补贴的主体资格，其他社保缴费证据再多也无意义。\", \"排斥条件无法排除：证据[EXCL_001]至[EXCL_006]关于工商登记的信息全面缺失。在无法确认申请人不是个体工商户或企业法人的情况下，直接通过审核存在极大的合规风险。\", \"就业状态自相矛盾的风险：证据[BASIC_003]显示无灵活就业登记记录。申请人正在缴纳灵活就业社保，却无对应的就业登记，存在\'缴费事实\'与\'登记事实\'不一致的异常，可能暗示代办代办或数据录入错误。\"], \"key_finding\": \"\"}, {\"agent_id\": \"agent_empirical\", \"agent_role\": \"经验归纳Agent\", \"debate_round\": 0, \"conclusion\": \"数据缺失\", \"stance\": \"待定\", \"confidence\": 0.4, \"evidence_refs\": [], \"reasoning\": \"此案呈现出典型的【模式E：数据矛盾型】特征，但矛盾点在于\'系统性缺失\'而非\'数据冲突\'。申请人赵争议（男，1976年生）虽已产生202602月的灵活就业养老缴费记录（110类型，102状态），且户籍、身份信息有效，符合\'形式上的申请动作\'。然而，依据【模式A：标准合规型】的审核经验，\'失业登记\'、\'就业困难认定\'、\'灵活就业登记\'是补贴申请的\'三驾马车\'，缺一不可。本案中这三项关键前置条件均为\'证据缺失\'（未查到数据），导致无法确认其申请资格的合法性。此外，工商登记、医保状态等排斥性检查也全线缺失。这种\'有缴费无身份\'的状态，在经验中通常指向跨部门数据同步滞后、业务档案电子化缺失或申请人未完成全套认定手续。由于缺乏核心定性证据，无法进行模式匹配，必须建议人工介入核查原始档案。\", \"dissent_points\": [], \"key_finding\": \"\"}, {\"agent_id\": \"agent_auditor\", \"agent_role\": \"审计反驳Agent\", \"debate_round\": 0, \"conclusion\": \"数据缺失\", \"stance\": \"待定\", \"confidence\": 0.1, \"evidence_refs\": [], \"reasoning\": \"LLM 输出解析失败，原始片段: ```json\\n{\\n  \\\"agent_role\\\": \\\"审计反驳Agent\\\",\\n  \\\"final_decision\\\": \\\"不符合\\\",\\n  \\\"confidence\\\": 0.85,\\n  \\\"reasoning\\\": \\\"作为审计反驳Agent，我认为该\", \"dissent_points\": [\"LLM 输出不是有效 JSON\"], \"key_finding\": \"解析失败\"}], \"total\": 5, \"majority_stance\": \"待定\", \"majority_count\": 5, \"consensus_rate\": 1.0, \"is_consensus_reached\": true}], \"status\": \"completed\", \"source_endpoint\": \"/api/debate_stream\", \"started_at\": \"2026-03-24T11:26:53\", \"completed_at\": \"2026-03-24T11:30:35\", \"summary\": {\"status\": \"completed\", \"source_endpoint\": \"/api/debate_stream\", \"final_conclusion\": \"数据缺失\", \"final_stance\": \"待定\", \"consensus_rate\": 1.0, \"is_consensus_reached\": true, \"rounds_taken\": 0, \"evidence_count\": 21, \"agent_count\": 5}, \"evidence\": [{\"evidence_id\": \"EXCL_001_000D\", \"rule_id\": \"EXCL_001\", \"target_id_card\": \"42090219760310000D\", \"target\": \"排斥检查：person表工商身份是否为个体工商户\", \"category\": \"排斥条件\", \"sql\": \"SELECT id_card, name, business_role\\n            FROM person\\n            WHERE id_card = :id_card\\n              AND business_role = \'个体工商户\'\", \"result_raw\": [], \"result_summary\": \"排斥检查：person表工商身份是否为个体工商户: 未查到数据\", \"time_range\": null, \"supports_conclusion\": true, \"confidence\": 0.5, \"exec_status\": \"no_data\", \"created_at\": \"2026-03-24T19:26:56\"}, {\"evidence_id\": \"EXCL_002_000D\", \"rule_id\": \"EXCL_002\", \"target_id_card\": \"42090219760310000D\", \"target\": \"排斥检查：工商库中是否登记为有效个体工商户法人\", \"category\": \"排斥条件\", \"sql\": \"SELECT company_id, company_name, company_type, is_valid\\n            FROM company_info\\n            WHERE legal_person_id_card = :id_card\\n              AND company_type = \'个体工商户\'\\n              AND is_valid = \'1\'\", \"result_raw\": [], \"result_summary\": \"排斥检查：工商库中是否登记为有效个体工商户法人: 未查到数据\", \"time_range\": null, \"supports_conclusion\": true, \"confidence\": 0.5, \"exec_status\": \"no_data\", \"created_at\": \"2026-03-24T19:26:56\"}, {\"evidence_id\": \"EXCL_003_000D\", \"rule_id\": \"EXCL_003\", \"target_id_card\": \"42090219760310000D\", \"target\": \"排斥检查：person表工商身份是否为企业法人\", \"category\": \"排斥条件\", \"sql\": \"SELECT id_card, name, business_role\\n            FROM person\\n            WHERE id_card = :id_card\\n              AND business_role = \'企业法人\'\", \"result_raw\": [], \"result_summary\": \"排斥检查：person表工商身份是否为企业法人: 未查到数据\", \"time_range\": null, \"supports_conclusion\": true, \"confidence\": 0.5, \"exec_status\": \"no_data\", \"created_at\": \"2026-03-24T19:26:56\"}, {\"evidence_id\": \"EXCL_004_000D\", \"rule_id\": \"EXCL_004\", \"target_id_card\": \"42090219760310000D\", \"target\": \"排斥检查：工商库中是否登记为有效企业法定代表人\", \"category\": \"排斥条件\", \"sql\": \"SELECT company_id, company_name, company_type, is_valid\\n            FROM company_info\\n            WHERE legal_person_id_card = :id_card\\n              AND company_type = \'企业\'\\n              AND is_valid = \'1\'\", \"result_raw\": [], \"result_summary\": \"排斥检查：工商库中是否登记为有效企业法定代表人: 未查到数据\", \"time_range\": null, \"supports_conclusion\": true, \"confidence\": 0.5, \"exec_status\": \"no_data\", \"created_at\": \"2026-03-24T19:26:56\"}, {\"evidence_id\": \"EXCL_005_000D\", \"rule_id\": \"EXCL_005\", \"target_id_card\": \"42090219760310000D\", \"target\": \"排斥检查：是否存在有效的企业股东记录\", \"category\": \"排斥条件\", \"sql\": \"SELECT cs.relation_id, cs.company_id, ci.company_name,\\n                   cs.share_ratio, cs.is_valid\\n            FROM company_shareholder cs\\n            LEFT JOIN company_info ci ON cs.company_id = ci.company_id\\n            WHERE cs.id_card = :id_card\\n              AND cs.is_valid = \'1\'\", \"result_raw\": [], \"result_summary\": \"排斥检查：是否存在有效的企业股东记录: 未查到数据\", \"time_range\": null, \"supports_conclusion\": true, \"confidence\": 0.5, \"exec_status\": \"no_data\", \"created_at\": \"2026-03-24T19:26:56\"}, {\"evidence_id\": \"EXCL_006_000D\", \"rule_id\": \"EXCL_006\", \"target_id_card\": \"42090219760310000D\", \"target\": \"排斥检查：股东记录全量查询（含已注销，用于辩论数据一致性）\", \"category\": \"排斥条件\", \"sql\": \"SELECT cs.relation_id, cs.company_id, ci.company_name,\\n                   cs.share_ratio, cs.is_valid AS shareholder_valid,\\n                   ci.is_valid AS company_valid\\n            FROM company_shareholder cs\\n            LEFT JOIN company_info ci ON cs.company_id = ci.company_id\\n            WHERE cs.id_card = :id_card\\n            ORDER BY cs.is_valid DESC\", \"result_raw\": [], \"result_summary\": \"排斥检查：股东记录全量查询（含已注销，用于辩论数据一致性）: 未查到数据\", \"time_range\": null, \"supports_conclusion\": null, \"confidence\": 0.5, \"exec_status\": \"no_data\", \"created_at\": \"2026-03-24T19:26:56\"}, {\"evidence_id\": \"EXCL_007_000D\", \"rule_id\": \"EXCL_007\", \"target_id_card\": \"42090219760310000D\", \"target\": \"排斥检查：退休年龄判断基础数据（出生日期、性别）\", \"category\": \"排斥条件\", \"sql\": \"SELECT id_card, name, gender, birth_date,\\n                CASE\\n                    WHEN gender = \'男\' THEN DATE_ADD(birth_date, INTERVAL 60 YEAR)\\n                    WHEN gender = \'女\' THEN DATE_ADD(birth_date, INTERVAL 55 YEAR)\\n                END AS retirement_date_55_60,\\n                CASE\\n                    WHEN gender = \'女\' THEN DATE_ADD(birth_date, INTERVAL 50 YEAR)\\n                    ELSE NULL\\n                END AS retirement_date_50_female,\\n                TIMESTAMPDIFF(YEAR, birth_date, :system_date) AS current_age\\n            FROM person\\n            WHERE id_card = :id_card\", \"result_raw\": [{\"id_card\": \"42090219760310000D\", \"name\": \"赵争议\", \"gender\": \"男\", \"birth_date\": \"1976-03-10\", \"retirement_date_55_60\": \"2036-03-10\", \"retirement_date_50_female\": null, \"current_age\": 50}], \"result_summary\": \"排斥检查：退休年龄判断基础数据（出生日期、性别）: id_card=42090219760310000D，name=赵争议，gender=男，birth_date=1976-03-10\", \"time_range\": null, \"supports_conclusion\": null, \"confidence\": 1.0, \"exec_status\": \"success\", \"created_at\": \"2026-03-24T19:26:56\"}, {\"evidence_id\": \"EXCL_008_000D\", \"rule_id\": \"EXCL_008\", \"target_id_card\": \"42090219760310000D\", \"target\": \"排斥检查：申领期间医保是否存在单位缴纳记录（310类型，101状态）\", \"category\": \"排斥条件\", \"sql\": \"SELECT pay_month, insurance_type, insurer_status,\\n                   pay_base, company_id\\n            FROM social_insurance_payment\\n            WHERE id_card = :id_card\\n              AND insurance_type = \'310\'\\n              AND insurer_status = \'101\'\\n              AND is_valid = \'1\'\\n            ORDER BY pay_month DESC\", \"result_raw\": [], \"result_summary\": \"排斥检查：申领期间医保是否存在单位缴纳记录（310类型，101状态）: 未查到数据\", \"time_range\": null, \"supports_conclusion\": true, \"confidence\": 0.5, \"exec_status\": \"no_data\", \"created_at\": \"2026-03-24T19:26:56\"}, {\"evidence_id\": \"EXCL_009_000D\", \"rule_id\": \"EXCL_009\", \"target_id_card\": \"42090219760310000D\", \"target\": \"排斥检查：是否缺失灵活就业养老社保缴费记录（110类型，102状态）\", \"category\": \"排斥条件\", \"sql\": \"SELECT pay_month, insurance_type, insurer_status, pay_base\\n            FROM social_insurance_payment\\n            WHERE id_card = :id_card\\n              AND insurance_type = \'110\'\\n              AND insurer_status = \'102\'\\n              AND is_valid = \'1\'\\n            ORDER BY pay_month DESC\", \"result_raw\": [{\"pay_month\": \"202602\", \"insurance_type\": \"110\", \"insurer_status\": \"102\", \"pay_base\": \"4000.00\"}], \"result_summary\": \"排斥检查：是否缺失灵活就业养老社保缴费记录（110类型，102状态）: pay_month=202602，insurance_type=110，insurer_status=102，pay_base=4000.00\", \"time_range\": null, \"supports_conclusion\": null, \"confidence\": 1.0, \"exec_status\": \"success\", \"created_at\": \"2026-03-24T19:26:56\"}, {\"evidence_id\": \"BASIC_001_000D\", \"rule_id\": \"BASIC_001\", \"target_id_card\": \"42090219760310000D\", \"target\": \"核查人员生存状态和系统数据有效性\", \"category\": \"基础条件\", \"sql\": \"SELECT id_card, name, gender, birth_date,\\n                   life_status, system_status, hukou_region\\n            FROM person\\n            WHERE id_card = :id_card\", \"result_raw\": [{\"id_card\": \"42090219760310000D\", \"name\": \"赵争议\", \"gender\": \"男\", \"birth_date\": \"1976-03-10\", \"life_status\": \"生存\", \"system_status\": \"1\", \"hukou_region\": \"孝感市市辖区\"}], \"result_summary\": \"核查人员生存状态和系统数据有效性: id_card=42090219760310000D，name=赵争议，gender=男，birth_date=1976-03-10\", \"time_range\": null, \"supports_conclusion\": null, \"confidence\": 1.0, \"exec_status\": \"success\", \"created_at\": \"2026-03-24T19:26:56\"}, {\"evidence_id\": \"BASIC_002_000D\", \"rule_id\": \"BASIC_002\", \"target_id_card\": \"42090219760310000D\", \"target\": \"核查户籍是否为孝感市市辖区（市直户籍）\", \"category\": \"基础条件\", \"sql\": \"SELECT id_card, hukou_region\\n            FROM person\\n            WHERE id_card = :id_card\\n              AND hukou_region = \'孝感市市辖区\'\", \"result_raw\": [{\"id_card\": \"42090219760310000D\", \"hukou_region\": \"孝感市市辖区\"}], \"result_summary\": \"核查户籍是否为孝感市市辖区（市直户籍）: id_card=42090219760310000D，hukou_region=孝感市市辖区\", \"time_range\": null, \"supports_conclusion\": true, \"confidence\": 1.0, \"exec_status\": \"success\", \"created_at\": \"2026-03-24T19:26:56\"}, {\"evidence_id\": \"BASIC_003_000D\", \"rule_id\": \"BASIC_003\", \"target_id_card\": \"42090219760310000D\", \"target\": \"核查是否有有效的灵活就业登记记录\", \"category\": \"基础条件\", \"sql\": \"SELECT record_id, employment_form, employment_date,\\n                   contract_start_date, sync_date\\n            FROM employment_registration\\n            WHERE id_card = :id_card\\n              AND employment_form = \'灵活就业\'\\n              AND is_valid = \'1\'\\n            ORDER BY employment_date DESC\\n            LIMIT 1\", \"result_raw\": [], \"result_summary\": \"核查是否有有效的灵活就业登记记录: 未查到数据\", \"time_range\": null, \"supports_conclusion\": false, \"confidence\": 0.5, \"exec_status\": \"no_data\", \"created_at\": \"2026-03-24T19:26:56\"}, {\"evidence_id\": \"BASIC_004_000D\", \"rule_id\": \"BASIC_004\", \"target_id_card\": \"42090219760310000D\", \"target\": \"核查是否有有效的失业登记记录\", \"category\": \"基础条件\", \"sql\": \"SELECT record_id, unemployment_date, unemployment_reason,\\n                   register_date, cancel_date\\n            FROM unemployment_registration\\n            WHERE id_card = :id_card\\n              AND is_valid = \'1\'\\n            ORDER BY register_date DESC\\n            LIMIT 1\", \"result_raw\": [], \"result_summary\": \"核查是否有有效的失业登记记录: 未查到数据\", \"time_range\": null, \"supports_conclusion\": false, \"confidence\": 0.5, \"exec_status\": \"no_data\", \"created_at\": \"2026-03-24T19:26:56\"}, {\"evidence_id\": \"BASIC_005_000D\", \"rule_id\": \"BASIC_005\", \"target_id_card\": \"42090219760310000D\", \"target\": \"核查是否有有效的就业困难人员认定记录及认定类别\", \"category\": \"基础条件\", \"sql\": \"SELECT cert_id, hardship_category, apply_date,\\n                   certify_org, cancel_date, cancel_reason\\n            FROM hardship_certification\\n            WHERE id_card = :id_card\\n              AND is_valid = \'1\'\\n            ORDER BY apply_date DESC\\n            LIMIT 1\", \"result_raw\": [], \"result_summary\": \"核查是否有有效的就业困难人员认定记录及认定类别: 未查到数据\", \"time_range\": null, \"supports_conclusion\": false, \"confidence\": 0.5, \"exec_status\": \"no_data\", \"created_at\": \"2026-03-24T19:26:56\"}, {\"evidence_id\": \"INFER_001_000D\", \"rule_id\": \"INFER_001\", \"target_id_card\": \"42090219760310000D\", \"target\": \"推断：企业职工社会保险全量记录（含单位性质，用于识别财政供养）\", \"category\": \"合理推断\", \"sql\": \"SELECT sip.pay_month, sip.insurance_type, sip.insurer_status,\\n                   sip.pay_base, sip.company_id,\\n                   ci.company_name, ci.company_type\\n            FROM social_insurance_payment sip\\n            LEFT JOIN company_info ci ON sip.company_id = ci.company_id\\n            WHERE sip.id_card = :id_card\\n              AND sip.is_valid = \'1\'\\n            ORDER BY sip.pay_month DESC, sip.insurance_type\", \"result_raw\": [{\"pay_month\": \"202602\", \"insurance_type\": \"110\", \"insurer_status\": \"102\", \"pay_base\": \"4000.00\", \"company_id\": null, \"company_name\": null, \"company_type\": null}], \"result_summary\": \"推断：企业职工社会保险全量记录（含单位性质，用于识别财政供养）: pay_month=202602，insurance_type=110，insurer_status=102，pay_base=4000.00\", \"time_range\": null, \"supports_conclusion\": null, \"confidence\": 1.0, \"exec_status\": \"success\", \"created_at\": \"2026-03-24T19:26:56\"}, {\"evidence_id\": \"INFER_002_000D\", \"rule_id\": \"INFER_002\", \"target_id_card\": \"42090219760310000D\", \"target\": \"推断：是否存在机关/事业单位缴费记录（财政供养/机关事业人员核查）\", \"category\": \"合理推断\", \"sql\": \"SELECT sip.pay_month, sip.insurance_type, sip.insurer_status,\\n                   ci.company_name, ci.company_type\\n            FROM social_insurance_payment sip\\n            JOIN company_info ci ON sip.company_id = ci.company_id\\n            WHERE sip.id_card = :id_card\\n              AND ci.company_type IN (\'机关单位\', \'事业单位\')\\n              AND sip.is_valid = \'1\'\\n            ORDER BY sip.pay_month DESC\", \"result_raw\": [], \"result_summary\": \"推断：是否存在机关/事业单位缴费记录（财政供养/机关事业人员核查）: 未查到数据\", \"time_range\": null, \"supports_conclusion\": true, \"confidence\": 0.5, \"exec_status\": \"no_data\", \"created_at\": \"2026-03-24T19:26:56\"}, {\"evidence_id\": \"CALC_001_000D\", \"rule_id\": \"CALC_001\", \"target_id_card\": \"42090219760310000D\", \"target\": \"精算：历史补贴发放明细（查询所有领取记录）\", \"category\": \"额度计算\", \"sql\": \"SELECT policy_code, first_enjoy_month,\\n                   apply_start_month, apply_end_month,\\n                   grant_months, grant_amount, grant_date\\n            FROM subsidy_payment_history\\n            WHERE id_card = :id_card\\n              AND is_valid = \'1\'\\n            ORDER BY first_enjoy_month ASC\", \"result_raw\": [], \"result_summary\": \"精算：历史补贴发放明细（查询所有领取记录）: 未查到数据\", \"time_range\": null, \"supports_conclusion\": null, \"confidence\": 0.5, \"exec_status\": \"no_data\", \"created_at\": \"2026-03-24T19:26:56\"}, {\"evidence_id\": \"CALC_002_000D\", \"rule_id\": \"CALC_002\", \"target_id_card\": \"42090219760310000D\", \"target\": \"精算：历史已领补贴总月数\", \"category\": \"额度计算\", \"sql\": \"SELECT COALESCE(SUM(grant_months), 0) AS total_received_months\\n            FROM subsidy_payment_history\\n            WHERE id_card = :id_card\\n              AND is_valid = \'1\'\", \"result_raw\": [{\"total_received_months\": \"0\"}], \"result_summary\": \"精算：历史已领补贴总月数: total_received_months=0\", \"time_range\": null, \"supports_conclusion\": null, \"confidence\": 1.0, \"exec_status\": \"success\", \"created_at\": \"2026-03-24T19:26:56\"}, {\"evidence_id\": \"CALC_003_000D\", \"rule_id\": \"CALC_003\", \"target_id_card\": \"42090219760310000D\", \"target\": \"精算：出生日期、性别及估算退休日期与剩余月数（功能二情况1/2依据）\", \"category\": \"额度计算\", \"sql\": \"SELECT id_card, name, gender, birth_date,\\n                CASE\\n                    WHEN gender = \'男\' THEN DATE_ADD(birth_date, INTERVAL 60 YEAR)\\n                    WHEN gender = \'女\' THEN DATE_ADD(birth_date, INTERVAL 55 YEAR)\\n                END AS estimated_retirement_date,\\n                TIMESTAMPDIFF(MONTH,\\n                    :system_date,\\n                    CASE\\n                        WHEN gender = \'男\' THEN DATE_ADD(birth_date, INTERVAL 60 YEAR)\\n                        WHEN gender = \'女\' THEN DATE_ADD(birth_date, INTERVAL 55 YEAR)\\n                    END\\n                ) AS months_to_retirement,\\n                TIMESTAMPDIFF(MONTH, birth_date, :system_date) AS age_in_months\\n            FROM person\\n            WHERE id_card = :id_card\", \"result_raw\": [{\"id_card\": \"42090219760310000D\", \"name\": \"赵争议\", \"gender\": \"男\", \"birth_date\": \"1976-03-10\", \"estimated_retirement_date\": \"2036-03-10\", \"months_to_retirement\": 119, \"age_in_months\": 600}], \"result_summary\": \"精算：出生日期、性别及估算退休日期与剩余月数（功能二情况1/2依据）: id_card=42090219760310000D，name=赵争议，gender=男，birth_date=1976-03-10\", \"time_range\": null, \"supports_conclusion\": null, \"confidence\": 1.0, \"exec_status\": \"success\", \"created_at\": \"2026-03-24T19:26:56\"}, {\"evidence_id\": \"CALC_004_000D\", \"rule_id\": \"CALC_004\", \"target_id_card\": \"42090219760310000D\", \"target\": \"精算：本人灵活就业养老社保缴费月数统计（功能二情况4依据）\", \"category\": \"额度计算\", \"sql\": \"SELECT COUNT(DISTINCT pay_month) AS flex_pay_months,\\n                   MIN(pay_month) AS first_pay_month,\\n                   MAX(pay_month) AS last_pay_month\\n            FROM social_insurance_payment\\n            WHERE id_card = :id_card\\n              AND insurance_type = \'110\'\\n              AND insurer_status = \'102\'\\n              AND is_valid = \'1\'\", \"result_raw\": [{\"flex_pay_months\": 1, \"first_pay_month\": \"202602\", \"last_pay_month\": \"202602\"}], \"result_summary\": \"精算：本人灵活就业养老社保缴费月数统计（功能二情况4依据）: flex_pay_months=1，first_pay_month=202602，last_pay_month=202602\", \"time_range\": null, \"supports_conclusion\": null, \"confidence\": 1.0, \"exec_status\": \"success\", \"created_at\": \"2026-03-24T19:26:56\"}, {\"evidence_id\": \"CALC_005_000D\", \"rule_id\": \"CALC_005\", \"target_id_card\": \"42090219760310000D\", \"target\": \"精算：困难认定类别（判断是否为高校毕业生，影响功能二情况3）\", \"category\": \"额度计算\", \"sql\": \"SELECT hardship_category, apply_date\\n            FROM hardship_certification\\n            WHERE id_card = :id_card\\n              AND is_valid = \'1\'\\n            ORDER BY apply_date DESC\\n            LIMIT 1\", \"result_raw\": [], \"result_summary\": \"精算：困难认定类别（判断是否为高校毕业生，影响功能二情况3）: 未查到数据\", \"time_range\": null, \"supports_conclusion\": null, \"confidence\": 0.5, \"exec_status\": \"no_data\", \"created_at\": \"2026-03-24T19:26:56\"}]}','2026-03-24 11:30:35'),('sess-A-20260321-001','42090219800101000A','POLICY_001','completed','/api/debate','符合','支持通过',1.0000,1,0,4,3,'2026-03-21 09:00:00','2026-03-21 09:00:20','{\"session_id\":\"sess-A-20260321-001\",\"id_card\":\"42090219800101000A\",\"evidence_count\":4,\"rounds_taken\":0,\"final_conclusion\":\"符合\",\"final_stance\":\"支持通过\",\"consensus_rate\":1.0,\"is_consensus_reached\":true,\"history\":[{\"round_num\":0,\"judgments\":[{\"agent_id\":\"agent_strict\",\"agent_role\":\"严格合规Agent\",\"debate_round\":0,\"conclusion\":\"符合\",\"stance\":\"支持通过\",\"confidence\":0.9,\"evidence_refs\":[\"BASIC_001\",\"BASIC_002\"],\"reasoning\":\"基础资格与灵活就业缴费记录一致。\",\"dissent_points\":[],\"key_finding\":\"基础条件齐全\"},{\"agent_id\":\"agent_lenient\",\"agent_role\":\"宽松业务Agent\",\"debate_round\":0,\"conclusion\":\"符合\",\"stance\":\"支持通过\",\"confidence\":0.88,\"evidence_refs\":[\"BASIC_001\",\"PAY_102\"],\"reasoning\":\"当前画像符合稳定灵活就业状态。\",\"dissent_points\":[],\"key_finding\":\"无明显排斥信号\"},{\"agent_id\":\"agent_auditor\",\"agent_role\":\"审计挑战Agent\",\"debate_round\":0,\"conclusion\":\"符合\",\"stance\":\"支持通过\",\"confidence\":0.76,\"evidence_refs\":[\"BASIC_001\"],\"reasoning\":\"虽需持续关注，但当前证据未见异常。\",\"dissent_points\":[],\"key_finding\":\"证据链完整\"}],\"total\":3,\"majority_stance\":\"支持通过\",\"majority_count\":3,\"consensus_rate\":1.0,\"is_consensus_reached\":true}],\"status\":\"completed\",\"source_endpoint\":\"/api/debate\",\"started_at\":\"2026-03-21T09:00:00\",\"completed_at\":\"2026-03-21T09:00:20\",\"summary\":{\"status\":\"completed\",\"source_endpoint\":\"/api/debate\",\"final_conclusion\":\"符合\",\"final_stance\":\"支持通过\",\"consensus_rate\":1.0,\"is_consensus_reached\":true,\"rounds_taken\":0,\"evidence_count\":4,\"agent_count\":3},\"evidence\":[{\"rule_id\":\"BASIC_001\",\"target\":\"person\",\"category\":\"基础资格\",\"exec_status\":\"success\",\"supports_conclusion\":true,\"result_summary\":\"人员基础身份有效\"},{\"rule_id\":\"PAY_102\",\"target\":\"social_insurance_payment\",\"category\":\"缴费状态\",\"exec_status\":\"success\",\"supports_conclusion\":true,\"result_summary\":\"近月均为灵活就业个人缴费\"}]}','2026-03-23 09:36:05'),('sess-D-20260321-001','42090219760310000D','POLICY_001','completed','/api/debate_stream','不符合','反对通过',0.6667,0,1,3,3,'2026-03-21 10:00:00','2026-03-21 10:00:42','{\"session_id\":\"sess-D-20260321-001\",\"id_card\":\"42090219760310000D\",\"evidence_count\":3,\"rounds_taken\":1,\"final_conclusion\":\"不符合\",\"final_stance\":\"反对通过\",\"consensus_rate\":0.6667,\"is_consensus_reached\":false,\"history\":[{\"round_num\":0,\"judgments\":[{\"agent_id\":\"agent_strict\",\"agent_role\":\"严格合规Agent\",\"debate_round\":0,\"conclusion\":\"不符合\",\"stance\":\"反对通过\",\"confidence\":0.91,\"evidence_refs\":[\"EMP_SYNC\"],\"reasoning\":\"就业登记与单位缴费尚未完全衔接。\",\"dissent_points\":[],\"key_finding\":\"存在就业状态争议\"},{\"agent_id\":\"agent_explorer\",\"agent_role\":\"探索分析Agent\",\"debate_round\":0,\"conclusion\":\"数据缺失\",\"stance\":\"待定\",\"confidence\":0.55,\"evidence_refs\":[\"CHANGE_LOG\"],\"reasoning\":\"需要结合变更日志观察身份切换时间。\",\"dissent_points\":[\"需要更多连续月份证据\"],\"key_finding\":\"切换窗口存在灰区\"},{\"agent_id\":\"agent_auditor\",\"agent_role\":\"审计挑战Agent\",\"debate_round\":0,\"conclusion\":\"不符合\",\"stance\":\"反对通过\",\"confidence\":0.82,\"evidence_refs\":[\"EMP_SYNC\",\"CHANGE_LOG\"],\"reasoning\":\"当前证据不足以直接认定稳定困难状态。\",\"dissent_points\":[],\"key_finding\":\"系统切换滞后带来风险\"}],\"total\":3,\"majority_stance\":\"反对通过\",\"majority_count\":2,\"consensus_rate\":0.6667,\"is_consensus_reached\":false},{\"round_num\":1,\"judgments\":[{\"agent_id\":\"agent_strict\",\"agent_role\":\"严格合规Agent\",\"debate_round\":1,\"conclusion\":\"不符合\",\"stance\":\"反对通过\",\"confidence\":0.93,\"evidence_refs\":[\"EMP_SYNC\",\"CHANGE_LOG\"],\"reasoning\":\"多数证据仍指向已进入单位就业轨道。\",\"dissent_points\":[],\"key_finding\":\"单位就业迹象增强\"},{\"agent_id\":\"agent_explorer\",\"agent_role\":\"探索分析Agent\",\"debate_round\":1,\"conclusion\":\"符合\",\"stance\":\"支持通过\",\"confidence\":0.61,\"evidence_refs\":[\"CHANGE_LOG\"],\"reasoning\":\"若按变更生效前窗口理解，仍可短期视作困难状态。\",\"dissent_points\":[\"解释口径存在弹性\"],\"key_finding\":\"窗口期解释空间\"},{\"agent_id\":\"agent_auditor\",\"agent_role\":\"审计挑战Agent\",\"debate_round\":1,\"conclusion\":\"不符合\",\"stance\":\"反对通过\",\"confidence\":0.84,\"evidence_refs\":[\"EMP_SYNC\",\"CHANGE_LOG\"],\"reasoning\":\"保存谨慎口径更稳妥。\",\"dissent_points\":[],\"key_finding\":\"多数意见倾向不通过\"}],\"total\":3,\"majority_stance\":\"反对通过\",\"majority_count\":2,\"consensus_rate\":0.6667,\"is_consensus_reached\":false}],\"status\":\"completed\",\"source_endpoint\":\"/api/debate_stream\",\"started_at\":\"2026-03-21T10:00:00\",\"completed_at\":\"2026-03-21T10:00:42\",\"summary\":{\"status\":\"completed\",\"source_endpoint\":\"/api/debate_stream\",\"final_conclusion\":\"不符合\",\"final_stance\":\"反对通过\",\"consensus_rate\":0.6667,\"is_consensus_reached\":false,\"rounds_taken\":1,\"evidence_count\":3,\"agent_count\":3},\"evidence\":[{\"rule_id\":\"EMP_SYNC\",\"target\":\"employment_registration\",\"category\":\"主动服务\",\"exec_status\":\"success\",\"supports_conclusion\":false,\"result_summary\":\"已存在3月入职登记\"},{\"rule_id\":\"CHANGE_LOG\",\"target\":\"insurance_change_log\",\"category\":\"主动服务\",\"exec_status\":\"success\",\"supports_conclusion\":null,\"result_summary\":\"3月15日发生101切换\"},{\"rule_id\":\"PAY_102\",\"target\":\"social_insurance_payment\",\"category\":\"缴费状态\",\"exec_status\":\"success\",\"supports_conclusion\":true,\"result_summary\":\"切换前仍有102个人缴费记录\"}]}','2026-03-23 09:36:05'),('sess-I-20260321-001','42090219700505000I','POLICY_001','completed','/api/debate','数据缺失','待定',0.6667,0,0,3,3,'2026-03-21 11:30:00','2026-03-21 11:30:18','{\"session_id\":\"sess-I-20260321-001\",\"id_card\":\"42090219700505000I\",\"evidence_count\":3,\"rounds_taken\":0,\"final_conclusion\":\"数据缺失\",\"final_stance\":\"待定\",\"consensus_rate\":0.6667,\"is_consensus_reached\":false,\"history\":[{\"round_num\":0,\"judgments\":[{\"agent_id\":\"agent_strict\",\"agent_role\":\"严格合规Agent\",\"debate_round\":0,\"conclusion\":\"不符合\",\"stance\":\"反对通过\",\"confidence\":0.95,\"evidence_refs\":[\"BASIC_LIFE\"],\"reasoning\":\"死亡标记直接冲击基础资格。\",\"dissent_points\":[],\"key_finding\":\"生命状态异常\"},{\"agent_id\":\"agent_explorer\",\"agent_role\":\"探索分析Agent\",\"debate_round\":0,\"conclusion\":\"数据缺失\",\"stance\":\"待定\",\"confidence\":0.58,\"evidence_refs\":[\"BASIC_LIFE\",\"PAY_102\"],\"reasoning\":\"死亡标记与后续缴费记录明显冲突。\",\"dissent_points\":[\"需要人工核验身份状态\"],\"key_finding\":\"数据自相矛盾\"},{\"agent_id\":\"agent_auditor\",\"agent_role\":\"审计挑战Agent\",\"debate_round\":0,\"conclusion\":\"数据缺失\",\"stance\":\"待定\",\"confidence\":0.72,\"evidence_refs\":[\"BASIC_LIFE\",\"SUBSIDY_LOG\"],\"reasoning\":\"继续自动审批风险过高，应转人工。\",\"dissent_points\":[],\"key_finding\":\"疑似异常领补\"}],\"total\":3,\"majority_stance\":\"待定\",\"majority_count\":2,\"consensus_rate\":0.6667,\"is_consensus_reached\":false}],\"status\":\"completed\",\"source_endpoint\":\"/api/debate\",\"started_at\":\"2026-03-21T11:30:00\",\"completed_at\":\"2026-03-21T11:30:18\",\"summary\":{\"status\":\"completed\",\"source_endpoint\":\"/api/debate\",\"final_conclusion\":\"数据缺失\",\"final_stance\":\"待定\",\"consensus_rate\":0.6667,\"is_consensus_reached\":false,\"rounds_taken\":0,\"evidence_count\":3,\"agent_count\":3},\"evidence\":[{\"rule_id\":\"BASIC_LIFE\",\"target\":\"person\",\"category\":\"基础资格\",\"exec_status\":\"success\",\"supports_conclusion\":false,\"result_summary\":\"人员生命状态显示死亡\"},{\"rule_id\":\"PAY_102\",\"target\":\"social_insurance_payment\",\"category\":\"缴费状态\",\"exec_status\":\"success\",\"supports_conclusion\":null,\"result_summary\":\"死亡后仍存在个人缴费记录\"},{\"rule_id\":\"SUBSIDY_LOG\",\"target\":\"subsidy_payment_history\",\"category\":\"补贴记录\",\"exec_status\":\"success\",\"supports_conclusion\":null,\"result_summary\":\"历史补贴发放与死亡标记冲突\"}]}','2026-03-23 09:36:05');
/*!40000 ALTER TABLE `debate_session` ENABLE KEYS */;
UNLOCK TABLES;

--
-- Table structure for table `employment_registration`
--

DROP TABLE IF EXISTS `employment_registration`;
/*!40101 SET @saved_cs_client     = @@character_set_client */;
/*!50503 SET character_set_client = utf8mb4 */;
CREATE TABLE `employment_registration` (
  `record_id` bigint NOT NULL AUTO_INCREMENT,
  `id_card` varchar(18) NOT NULL COMMENT '身份证号',
  `company_id` varchar(50) DEFAULT NULL COMMENT '录用单位编号',
  `employment_form` varchar(50) DEFAULT NULL COMMENT '就业形式(如:灵活就业、全日制用工)',
  `employment_date` date DEFAULT NULL COMMENT '合同/协议约定的就业开始日期',
  `contract_start_date` date DEFAULT NULL COMMENT '合同起始日期',
  `contract_end_date` date DEFAULT NULL COMMENT '合同终止日期',
  `sync_date` date DEFAULT NULL COMMENT '增员数据同步入系统日期(企业报备时间)',
  `is_valid` varchar(10) DEFAULT '1' COMMENT '有效标志(1/0)',
  PRIMARY KEY (`record_id`),
  KEY `idx_emp_idcard` (`id_card`),
  KEY `idx_emp_sync` (`sync_date`)
) ENGINE=InnoDB AUTO_INCREMENT=11 DEFAULT CHARSET=utf8mb4 COLLATE=utf8mb4_0900_ai_ci COMMENT='就业登记表';
/*!40101 SET character_set_client = @saved_cs_client */;

--
-- Dumping data for table `employment_registration`
--

LOCK TABLES `employment_registration` WRITE;
/*!40000 ALTER TABLE `employment_registration` DISABLE KEYS */;
INSERT INTO `employment_registration` VALUES (1,'42090219800101000A',NULL,'灵活就业','2025-03-01',NULL,NULL,NULL,'1'),(2,'42090219680401000C',NULL,'灵活就业','2023-01-01',NULL,NULL,NULL,'1'),(3,'42090219760310000D','91420900000000001X','全日制用工','2026-03-01','2026-03-01',NULL,'2026-03-05','1'),(4,'42090219780815000E',NULL,'灵活就业','2025-03-01',NULL,NULL,NULL,'1'),(5,'42090219710321000F','91420900000000001X','全日制用工','2005-03-01','2005-03-01','2018-12-31',NULL,'0'),(6,'42090219710321000F','91420900000000002Y','全日制用工','2019-01-15','2019-01-15','2023-05-31',NULL,'0'),(7,'42090219710321000F',NULL,'灵活就业','2023-07-15',NULL,NULL,NULL,'1'),(8,'42090219820620000G',NULL,'灵活就业','2025-08-15',NULL,NULL,NULL,'1'),(9,'42090220010901000H',NULL,'灵活就业','2024-09-01',NULL,NULL,NULL,'1'),(10,'42090219700505000I',NULL,'灵活就业','2024-05-01',NULL,NULL,NULL,'1');
/*!40000 ALTER TABLE `employment_registration` ENABLE KEYS */;
UNLOCK TABLES;

--
-- Table structure for table `hardship_certification`
--

DROP TABLE IF EXISTS `hardship_certification`;
/*!40101 SET @saved_cs_client     = @@character_set_client */;
/*!50503 SET character_set_client = utf8mb4 */;
CREATE TABLE `hardship_certification` (
  `cert_id` bigint NOT NULL AUTO_INCREMENT,
  `id_card` varchar(18) NOT NULL COMMENT '身份证号',
  `hardship_category` varchar(100) DEFAULT NULL COMMENT '就业困难人员类别(如:大龄失业人员/残疾人员/离校2年内未就业的高校毕业生)',
  `apply_date` date DEFAULT NULL COMMENT '困难认定申请日期',
  `certify_org` varchar(100) DEFAULT NULL COMMENT '认定机构',
  `cancel_date` date DEFAULT NULL COMMENT '认定退出注销日期',
  `cancel_reason` varchar(255) DEFAULT NULL COMMENT '退出原因',
  `is_valid` varchar(10) DEFAULT '1' COMMENT '有效标志(1有效/0失效)',
  PRIMARY KEY (`cert_id`),
  KEY `idx_hardship_idcard` (`id_card`)
) ENGINE=InnoDB AUTO_INCREMENT=9 DEFAULT CHARSET=utf8mb4 COLLATE=utf8mb4_0900_ai_ci COMMENT='就业困难认定表';
/*!40101 SET character_set_client = @saved_cs_client */;

--
-- Dumping data for table `hardship_certification`
--

LOCK TABLES `hardship_certification` WRITE;
/*!40000 ALTER TABLE `hardship_certification` DISABLE KEYS */;
INSERT INTO `hardship_certification` VALUES (1,'42090219800101000A','大龄失业人员','2025-02-01','孝感市就业局',NULL,NULL,'1'),(2,'42090219850505000B','家庭零就业人员','2024-07-01',NULL,NULL,NULL,'1'),(3,'42090219680401000C','大龄失业人员','2022-12-01','孝感市就业局',NULL,NULL,'1'),(4,'42090219780815000E','大龄失业人员','2025-02-15','孝感市就业局',NULL,NULL,'1'),(5,'42090219710321000F','大龄失业人员','2023-07-01','孝感市就业局',NULL,NULL,'1'),(6,'42090219820620000G','大龄失业人员','2025-08-01','孝感市就业局',NULL,NULL,'1'),(7,'42090220010901000H','离校2年内未就业的高校毕业生','2024-08-01','孝感市就业局',NULL,NULL,'1'),(8,'42090219700505000I','大龄失业人员','2024-04-01','孝感市就业局',NULL,NULL,'1');
/*!40000 ALTER TABLE `hardship_certification` ENABLE KEYS */;
UNLOCK TABLES;

--
-- Table structure for table `insurance_change_log`
--

DROP TABLE IF EXISTS `insurance_change_log`;
/*!40101 SET @saved_cs_client     = @@character_set_client */;
/*!50503 SET character_set_client = utf8mb4 */;
CREATE TABLE `insurance_change_log` (
  `change_id` bigint NOT NULL AUTO_INCREMENT,
  `id_card` varchar(18) NOT NULL COMMENT '发生变更的身份证号',
  `insurance_type` varchar(20) NOT NULL COMMENT '发生变更的险种类型(110/310)',
  `old_status` varchar(20) DEFAULT NULL COMMENT '变更前参保身份(如:102 个人)',
  `new_status` varchar(20) DEFAULT NULL COMMENT '变更后参保身份(如:101 单位)',
  `event_date` date NOT NULL COMMENT '系统变更发生日期(真实业务流转日期)',
  `related_company_id` varchar(50) DEFAULT NULL COMMENT '引发变更的单位编号(如有)',
  `is_valid` varchar(10) DEFAULT '1' COMMENT '数据是否有效(1/0)',
  PRIMARY KEY (`change_id`),
  KEY `idx_change_idcard` (`id_card`),
  KEY `idx_change_date` (`event_date`)
) ENGINE=InnoDB AUTO_INCREMENT=4 DEFAULT CHARSET=utf8mb4 COLLATE=utf8mb4_0900_ai_ci COMMENT='险种参保记录变更事件表';
/*!40101 SET character_set_client = @saved_cs_client */;

--
-- Dumping data for table `insurance_change_log`
--

LOCK TABLES `insurance_change_log` WRITE;
/*!40000 ALTER TABLE `insurance_change_log` DISABLE KEYS */;
INSERT INTO `insurance_change_log` VALUES (1,'42090219760310000D','110','102','101','2026-03-15','91420900000000001X','1'),(2,'42090219820620000G','110','101','102','2025-07-01','91420900000000004W','1'),(3,'42090219820620000G','310','101','102','2025-07-01','91420900000000004W','1');
/*!40000 ALTER TABLE `insurance_change_log` ENABLE KEYS */;
UNLOCK TABLES;

--
-- Table structure for table `person`
--

DROP TABLE IF EXISTS `person`;
/*!40101 SET @saved_cs_client     = @@character_set_client */;
/*!50503 SET character_set_client = utf8mb4 */;
CREATE TABLE `person` (
  `id_card` varchar(18) NOT NULL COMMENT '身份证号(全局统一标识)',
  `name` varchar(50) NOT NULL COMMENT '姓名',
  `gender` varchar(10) DEFAULT NULL COMMENT '性别',
  `birth_date` date NOT NULL COMMENT '出生日期',
  `hukou_region` varchar(100) DEFAULT NULL COMMENT '户籍所在地编号/名称(如:孝感市市辖区)',
  `life_status` varchar(10) DEFAULT '生存' COMMENT '生存状态(生存/死亡)',
  `system_status` varchar(10) DEFAULT '1' COMMENT '数据标识(1有效/0无效)',
  `business_role` varchar(50) DEFAULT NULL COMMENT '工商注册身份(个体工商户/企业法人/NULL=普通居民)',
  `created_at` timestamp NULL DEFAULT CURRENT_TIMESTAMP COMMENT '系统记录时间',
  PRIMARY KEY (`id_card`),
  KEY `idx_hukou` (`hukou_region`),
  KEY `idx_business_role` (`business_role`)
) ENGINE=InnoDB DEFAULT CHARSET=utf8mb4 COLLATE=utf8mb4_0900_ai_ci COMMENT='人员主表';
/*!40101 SET character_set_client = @saved_cs_client */;

--
-- Dumping data for table `person`
--

LOCK TABLES `person` WRITE;
/*!40000 ALTER TABLE `person` DISABLE KEYS */;
INSERT INTO `person` VALUES ('42090219680401000C','王精算','男','1968-04-01','孝感市市辖区','生存','1',NULL,'2026-03-23 09:36:05'),('42090219700505000I','钱幽灵','男','1970-05-05','孝感市市辖区','死亡','1',NULL,'2026-03-23 09:36:05'),('42090219710321000F','吴边界','女','1971-03-21','孝感市市辖区','生存','1',NULL,'2026-03-23 09:36:05'),('42090219760310000D','赵争议','男','1976-03-10','孝感市市辖区','生存','1',NULL,'2026-03-23 09:36:05'),('42090219780815000E','陈灰色','女','1978-08-15','孝感市市辖区','生存','1','个体工商户','2026-03-23 09:36:05'),('42090219800101000A','张完美','女','1980-01-01','孝感市市辖区','生存','1',NULL,'2026-03-23 09:36:05'),('42090219820620000G','孙迷雾','女','1982-06-20','孝感市市辖区','生存','1',NULL,'2026-03-23 09:36:05'),('42090219850505000B','李老板','男','1985-05-05','孝感市市辖区','生存','1',NULL,'2026-03-23 09:36:05'),('42090220010901000H','郑重叠','女','2001-09-01','孝感市市辖区','生存','1',NULL,'2026-03-23 09:36:05');
/*!40000 ALTER TABLE `person` ENABLE KEYS */;
UNLOCK TABLES;

--
-- Table structure for table `policy_master`
--

DROP TABLE IF EXISTS `policy_master`;
/*!40101 SET @saved_cs_client     = @@character_set_client */;
/*!50503 SET character_set_client = utf8mb4 */;
CREATE TABLE `policy_master` (
  `policy_id` varchar(50) NOT NULL COMMENT '政策唯一标识',
  `policy_name` varchar(200) NOT NULL COMMENT '政策名称',
  `policy_type` varchar(50) NOT NULL COMMENT '政策类型（资格认定/额度计算/主动服务）',
  `policy_description` text COMMENT '政策简介',
  `is_active` tinyint(1) DEFAULT '1' COMMENT '是否启用',
  `created_at` timestamp NULL DEFAULT CURRENT_TIMESTAMP,
  PRIMARY KEY (`policy_id`),
  KEY `idx_policy_type` (`policy_type`),
  KEY `idx_policy_active` (`is_active`)
) ENGINE=InnoDB DEFAULT CHARSET=utf8mb4 COLLATE=utf8mb4_0900_ai_ci COMMENT='政策主表';
/*!40101 SET character_set_client = @saved_cs_client */;

--
-- Dumping data for table `policy_master`
--

LOCK TABLES `policy_master` WRITE;
/*!40000 ALTER TABLE `policy_master` DISABLE KEYS */;
INSERT INTO `policy_master` VALUES ('POLICY_001','灵活就业社保补贴资格认定','资格认定','判断申请人是否符合灵活就业社保补贴申领资格',1,'2026-03-25 10:45:13'),('POLICY_002','灵活就业社保补贴月数计算','额度计算','计算申请人可享受的补贴月数和金额',1,'2026-03-25 10:45:13'),('POLICY_003','企业社保主动服务','主动服务','主动识别企业社保缴费异常并提供服务',1,'2026-03-25 10:45:13');
/*!40000 ALTER TABLE `policy_master` ENABLE KEYS */;
UNLOCK TABLES;

--
-- Table structure for table `rule_definitions`
--

DROP TABLE IF EXISTS `rule_definitions`;
/*!40101 SET @saved_cs_client     = @@character_set_client */;
/*!50503 SET character_set_client = utf8mb4 */;
CREATE TABLE `rule_definitions` (
  `rule_id` varchar(50) NOT NULL COMMENT '规则主键(业务编号)',
  `policy_id` varchar(50) NOT NULL DEFAULT 'POLICY_001' COMMENT '规则所属政策ID',
  `rule_name` varchar(100) NOT NULL COMMENT '规则名称(中文业务语义)',
  `rule_description` text COMMENT '规则详细描述及判断逻辑',
  `rule_type` enum('必须满足','必须排除','灵活评判') NOT NULL DEFAULT '灵活评判' COMMENT '规则性质：必须满足=硬性通过条件，必须排除=硬性拒绝条件，灵活评判=Agent推理',
  `sql_template` text NOT NULL COMMENT '包含占位符(如 :id_card)的SQL查询模板',
  `scenario_category` varchar(50) DEFAULT NULL COMMENT '适用场景(基础资格/排斥条件/额度计算/主动服务)',
  `priority` int DEFAULT '100' COMMENT '规则执行优先级(数字越小越优先，排斥条件建议设1-10)',
  `is_enabled` varchar(10) DEFAULT '1' COMMENT '是否启用本条规则校验(1/0)',
  `updated_at` timestamp NULL DEFAULT CURRENT_TIMESTAMP ON UPDATE CURRENT_TIMESTAMP,
  PRIMARY KEY (`rule_id`),
  KEY `idx_rule_policy_type` (`policy_id`,`rule_type`,`priority`)
) ENGINE=InnoDB DEFAULT CHARSET=utf8mb4 COLLATE=utf8mb4_0900_ai_ci COMMENT='智能体驱动规则表';
/*!40101 SET character_set_client = @saved_cs_client */;

--
-- Dumping data for table `rule_definitions`
--

LOCK TABLES `rule_definitions` WRITE;
/*!40000 ALTER TABLE `rule_definitions` DISABLE KEYS */;
INSERT INTO `rule_definitions` VALUES ('P001_EXCLUDE_001','POLICY_001','不能是企业法人','申请人不能是有效的企业法人','必须排除','SELECT COUNT(*) as cnt FROM company_info WHERE legal_person_id_card = :id_card AND is_valid \r\n  = \'1\'','排斥条件',1,'1','2026-03-25 10:45:27'),('P001_EXCLUDE_002','POLICY_001','不能是企业股东','申请人不能持有有效的企业股份','必须排除','SELECT COUNT(*) as cnt FROM company_shareholder WHERE id_card = :id_card AND is_valid =     \r\n  \'1\'','排斥条件',2,'1','2026-03-25 10:45:27'),('P001_EXCLUDE_003','POLICY_001','不能有单位缴费社保','近3个月不能有单位为其缴纳社保','必须排除','SELECT COUNT(*) as cnt FROM social_insurance_payment WHERE id_card = :id_card AND\r\n  insurer_status = \'101\' AND is_valid = \'1\' AND pay_month >= DATE_FORMAT(DATE_SUB(NOW(),   \r\n  INTERVAL 3 MONTH), \'%Y%m\')','排斥条件',3,'1','2026-03-25 10:45:27'),('P001_FLEX_001','POLICY_001','灵活就业社保缴费连续性','检查申请人灵活就业社保（insurer_st\r\n  atus=102）的缴费连续性，是否存在断缴。Agent需分析pay_month序列','灵活评判','SELECT pay_month, insurance_type, pay_base FROM social_insurance_payment WHERE id_card =    \r\n  :id_card AND insurer_status = \'102\' AND is_valid = \'1\' ORDER BY pay_month','基础资格',100,'1','2026-03-25 10:45:27'),('P001_FLEX_002','POLICY_001','困难类别是否符合政策范围','就业困难类别必须在政策允许范围内\r\n  （大龄失业人员、残疾人员等）。Agent需查询hardship_category并调用get_dict工具理解编码','灵活评判','SELECT hardship_category, apply_date, certify_org FROM hardship_certification WHERE id_card \r\n  = :id_card AND is_valid = \'1\'','基础资格',90,'1','2026-03-25 10:45:27'),('P001_FLEX_003','POLICY_001','是否存在身份切换风险','检查insurance_change_log中是否有即将发生的身份切换（从102到101），表示可能要去单位就业','灵活评判','SELECT event_date, old_status, new_status, related_company_id FROM insurance_change_log     \r\n  WHERE id_card = :id_card AND old_status = \'102\' AND new_status = \'101\' ORDER BY\r\n  event_date DESC','主动服务',110,'1','2026-03-25 10:45:27'),('P001_FLEX_004','POLICY_001','缴费基数波动分析','分析灵活就业期间缴费基数是否存在异常波动，大幅下降可能表示经营困难或数据异常','灵活评判','SELECT pay_month, pay_base, insurance_type FROM social_insurance_payment WHERE id_card =    \r\n  :id_card AND insurer_status = \'102\' AND is_valid = \'1\' ORDER BY pay_month','主动服务',120,'1','2026-03-25 10:45:27'),('P001_FLEX_005','POLICY_001','历史补贴领取情况','检查该人员历史上是否已领取过灵活就业社保补贴，分析剩余可领取月数','灵活评判','SELECT policy_code, apply_start_month, apply_end_month, grant_months, grant_amount FROM     \r\n  subsidy_payment_history WHERE id_card = :id_card AND is_valid = \'1\' ORDER BY grant_date    \r\n  DESC','额度计算',80,'1','2026-03-25 10:45:27'),('P001_MUST_001','POLICY_001','必须是生存状态','申请人生存状态必须为\"生存\"','必须满足','SELECT life_status FROM person WHERE id_card = :id_card','基础资格',5,'1','2026-03-25 10:45:27'),('P001_MUST_002','POLICY_001','必须有失业登记','申请人必须有有效的失业登记记录','必须满足','SELECT COUNT(*) as cnt FROM unemployment_registration WHERE id_card = :id_card AND is_valid \r\n  = \'1\'','基础资格',10,'1','2026-03-25 10:45:27'),('P001_MUST_003','POLICY_001','必须有困难认定','申请人必须有有效的就业困难人员认定','必须满足','SELECT COUNT(*) as cnt FROM hardship_certification WHERE id_card = :id_card AND is_valid =  \r\n  \'1\'','基础资格',15,'1','2026-03-25 10:45:27');
/*!40000 ALTER TABLE `rule_definitions` ENABLE KEYS */;
UNLOCK TABLES;

--
-- Table structure for table `social_insurance_payment`
--

DROP TABLE IF EXISTS `social_insurance_payment`;
/*!40101 SET @saved_cs_client     = @@character_set_client */;
/*!50503 SET character_set_client = utf8mb4 */;
CREATE TABLE `social_insurance_payment` (
  `payment_id` bigint NOT NULL AUTO_INCREMENT,
  `id_card` varchar(18) NOT NULL COMMENT '身份证号',
  `company_id` varchar(50) DEFAULT NULL COMMENT '代缴企业编号(灵活就业则为空)',
  `insurance_type` varchar(20) NOT NULL COMMENT '险种类型(110养老, 310医保)',
  `pay_month` varchar(6) NOT NULL COMMENT '费款所属期(YYYYMM)',
  `insurer_status` varchar(20) DEFAULT NULL COMMENT '参保身份(101单位缴费/102个人灵活就业)',
  `pay_base` decimal(10,2) DEFAULT NULL COMMENT '缴费基数',
  `is_valid` varchar(10) DEFAULT '1' COMMENT '有效标志(1/0)',
  PRIMARY KEY (`payment_id`),
  KEY `idx_payment_idcard_month` (`id_card`,`pay_month`),
  KEY `idx_payment_type` (`insurance_type`),
  KEY `idx_payment_status` (`insurer_status`)
) ENGINE=InnoDB AUTO_INCREMENT=63 DEFAULT CHARSET=utf8mb4 COLLATE=utf8mb4_0900_ai_ci COMMENT='社保缴费流水表(含养老/医保)';
/*!40101 SET character_set_client = @saved_cs_client */;

--
-- Dumping data for table `social_insurance_payment`
--

LOCK TABLES `social_insurance_payment` WRITE;
/*!40000 ALTER TABLE `social_insurance_payment` DISABLE KEYS */;
INSERT INTO `social_insurance_payment` VALUES (1,'42090219800101000A',NULL,'110','202601','102',4000.00,'1'),(2,'42090219800101000A',NULL,'310','202601','102',4000.00,'1'),(3,'42090219800101000A',NULL,'110','202602','102',4000.00,'1'),(4,'42090219800101000A',NULL,'310','202602','102',4000.00,'1'),(5,'42090219850505000B',NULL,'110','202602','102',NULL,'1'),(6,'42090219680401000C',NULL,'110','202509','102',4000.00,'1'),(7,'42090219680401000C',NULL,'310','202509','102',4000.00,'1'),(8,'42090219680401000C',NULL,'110','202510','102',4000.00,'1'),(9,'42090219680401000C',NULL,'310','202510','102',4000.00,'1'),(10,'42090219680401000C',NULL,'110','202511','102',4000.00,'1'),(11,'42090219680401000C',NULL,'310','202511','102',4000.00,'1'),(12,'42090219680401000C',NULL,'110','202512','102',4000.00,'1'),(13,'42090219680401000C',NULL,'310','202512','102',4000.00,'1'),(14,'42090219680401000C',NULL,'110','202601','102',4000.00,'1'),(15,'42090219680401000C',NULL,'310','202601','102',4000.00,'1'),(16,'42090219680401000C',NULL,'110','202602','102',4000.00,'1'),(17,'42090219680401000C',NULL,'310','202602','102',4000.00,'1'),(18,'42090219760310000D',NULL,'110','202602','102',4000.00,'1'),(19,'42090219780815000E',NULL,'110','202601','102',3800.00,'1'),(20,'42090219780815000E',NULL,'310','202601','102',3800.00,'1'),(21,'42090219780815000E',NULL,'110','202602','102',3800.00,'1'),(22,'42090219780815000E',NULL,'310','202602','102',3800.00,'1'),(23,'42090219710321000F',NULL,'110','202601','102',3500.00,'1'),(24,'42090219710321000F',NULL,'310','202601','102',3500.00,'1'),(25,'42090219710321000F',NULL,'110','202602','102',3500.00,'1'),(26,'42090219710321000F',NULL,'310','202602','102',3500.00,'1'),(27,'42090219820620000G','91420900000000004W','110','202501','101',4500.00,'1'),(28,'42090219820620000G','91420900000000004W','310','202501','101',4500.00,'1'),(29,'42090219820620000G','91420900000000004W','110','202502','101',4500.00,'1'),(30,'42090219820620000G','91420900000000004W','310','202502','101',4500.00,'1'),(31,'42090219820620000G','91420900000000004W','110','202503','101',4500.00,'1'),(32,'42090219820620000G','91420900000000004W','310','202503','101',4500.00,'1'),(33,'42090219820620000G','91420900000000004W','110','202504','101',4500.00,'1'),(34,'42090219820620000G','91420900000000004W','310','202504','101',4500.00,'1'),(35,'42090219820620000G','91420900000000004W','110','202505','101',4500.00,'1'),(36,'42090219820620000G','91420900000000004W','310','202505','101',4500.00,'1'),(37,'42090219820620000G','91420900000000004W','110','202506','101',4500.00,'1'),(38,'42090219820620000G','91420900000000004W','310','202506','101',4500.00,'1'),(39,'42090219820620000G',NULL,'110','202509','102',3800.00,'1'),(40,'42090219820620000G',NULL,'310','202509','102',3800.00,'1'),(41,'42090219820620000G',NULL,'110','202510','102',3800.00,'1'),(42,'42090219820620000G',NULL,'310','202510','102',3800.00,'1'),(43,'42090219820620000G',NULL,'110','202511','102',3800.00,'1'),(44,'42090219820620000G',NULL,'310','202511','102',3800.00,'1'),(45,'42090219820620000G',NULL,'110','202512','102',3800.00,'1'),(46,'42090219820620000G',NULL,'310','202512','102',3800.00,'1'),(47,'42090219820620000G',NULL,'110','202601','102',3800.00,'1'),(48,'42090219820620000G',NULL,'310','202601','102',3800.00,'1'),(49,'42090219820620000G',NULL,'110','202602','102',3800.00,'1'),(50,'42090219820620000G',NULL,'310','202602','102',3800.00,'1'),(51,'42090220010901000H',NULL,'110','202511','102',3500.00,'1'),(52,'42090220010901000H',NULL,'310','202511','102',3500.00,'1'),(53,'42090220010901000H',NULL,'110','202512','102',3500.00,'1'),(54,'42090220010901000H',NULL,'310','202512','101',3500.00,'1'),(55,'42090220010901000H',NULL,'110','202601','102',3500.00,'1'),(56,'42090220010901000H',NULL,'310','202601','102',3500.00,'1'),(57,'42090220010901000H',NULL,'110','202602','102',3500.00,'1'),(58,'42090220010901000H',NULL,'310','202602','102',3500.00,'1'),(59,'42090219700505000I',NULL,'110','202601','102',4000.00,'1'),(60,'42090219700505000I',NULL,'310','202601','102',4000.00,'1'),(61,'42090219700505000I',NULL,'110','202602','102',4000.00,'1'),(62,'42090219700505000I',NULL,'310','202602','102',4000.00,'1');
/*!40000 ALTER TABLE `social_insurance_payment` ENABLE KEYS */;
UNLOCK TABLES;

--
-- Table structure for table `subsidy_payment_history`
--

DROP TABLE IF EXISTS `subsidy_payment_history`;
/*!40101 SET @saved_cs_client     = @@character_set_client */;
/*!50503 SET character_set_client = utf8mb4 */;
CREATE TABLE `subsidy_payment_history` (
  `payment_id` bigint NOT NULL AUTO_INCREMENT,
  `id_card` varchar(18) NOT NULL COMMENT '身份证号',
  `policy_code` varchar(50) NOT NULL COMMENT '发放依据的政策或补贴编号',
  `apply_start_month` varchar(6) DEFAULT NULL COMMENT '本次申领时段起始月(YYYYMM，功能二情况2计算起点)',
  `apply_end_month` varchar(6) DEFAULT NULL COMMENT '本次申领时段截止月(YYYYMM)',
  `first_enjoy_month` varchar(6) DEFAULT NULL COMMENT '初次享受补贴的年月(YYYYMM，功能二情况1/3计算起点)',
  `grant_months` int NOT NULL COMMENT '本次发放月数',
  `grant_amount` decimal(10,2) DEFAULT NULL COMMENT '本次发放金额',
  `grant_date` date DEFAULT NULL COMMENT '实际发放打款日期',
  `is_valid` varchar(10) DEFAULT '1' COMMENT '有效标志(1/0)',
  PRIMARY KEY (`payment_id`),
  KEY `idx_subsidy_idcard` (`id_card`),
  KEY `idx_subsidy_policy` (`policy_code`)
) ENGINE=InnoDB AUTO_INCREMENT=8 DEFAULT CHARSET=utf8mb4 COLLATE=utf8mb4_0900_ai_ci COMMENT='历史补贴发放明细表';
/*!40101 SET character_set_client = @saved_cs_client */;

--
-- Dumping data for table `subsidy_payment_history`
--

LOCK TABLES `subsidy_payment_history` WRITE;
/*!40000 ALTER TABLE `subsidy_payment_history` DISABLE KEYS */;
INSERT INTO `subsidy_payment_history` VALUES (1,'42090219680401000C','FLEX_SUB_2023','202301','202306','202301',6,1800.00,NULL,'1'),(2,'42090219680401000C','FLEX_SUB_2023','202307','202312','202307',6,1800.00,NULL,'1'),(3,'42090219710321000F','FLEX_SUB_2024','202401','202406','202401',6,1800.00,NULL,'1'),(4,'42090219710321000F','FLEX_SUB_2024','202407','202412','202407',6,1800.00,NULL,'1'),(5,'42090219710321000F','FLEX_SUB_2025','202501','202506','202501',6,1800.00,NULL,'1'),(6,'42090220010901000H','FLEX_GRAD_2024','202409','202502','202409',6,1200.00,NULL,'1'),(7,'42090219700505000I','FLEX_SUB_2025','202507','202512','202507',6,1800.00,'2025-12-20','1');
/*!40000 ALTER TABLE `subsidy_payment_history` ENABLE KEYS */;
UNLOCK TABLES;

--
-- Table structure for table `unemployment_registration`
--

DROP TABLE IF EXISTS `unemployment_registration`;
/*!40101 SET @saved_cs_client     = @@character_set_client */;
/*!50503 SET character_set_client = utf8mb4 */;
CREATE TABLE `unemployment_registration` (
  `record_id` bigint NOT NULL AUTO_INCREMENT,
  `id_card` varchar(18) NOT NULL COMMENT '身份证号',
  `unemployment_date` date DEFAULT NULL COMMENT '失业时间',
  `unemployment_reason` varchar(255) DEFAULT NULL COMMENT '失业原因',
  `register_date` date DEFAULT NULL COMMENT '失业登记日期',
  `cancel_date` date DEFAULT NULL COMMENT '失业注销日期(不失业了)',
  `is_valid` varchar(10) DEFAULT '1' COMMENT '有效标志(1/0:注销后变为0)',
  PRIMARY KEY (`record_id`),
  KEY `idx_unemp_idcard` (`id_card`)
) ENGINE=InnoDB AUTO_INCREMENT=9 DEFAULT CHARSET=utf8mb4 COLLATE=utf8mb4_0900_ai_ci COMMENT='失业登记表';
/*!40101 SET character_set_client = @saved_cs_client */;

--
-- Dumping data for table `unemployment_registration`
--

LOCK TABLES `unemployment_registration` WRITE;
/*!40000 ALTER TABLE `unemployment_registration` DISABLE KEYS */;
INSERT INTO `unemployment_registration` VALUES (1,'42090219800101000A','2025-01-01','原单位倒闭','2025-01-05',NULL,'1'),(2,'42090219850505000B','2024-06-01',NULL,'2024-06-15',NULL,'1'),(3,'42090219680401000C','2022-11-01','企业裁员','2022-11-15',NULL,'1'),(4,'42090219780815000E','2025-01-05','个体经营停业','2025-01-10',NULL,'1'),(5,'42090219710321000F','2023-06-01','合同期满未续签','2023-06-10',NULL,'1'),(6,'42090219820620000G','2025-06-15','聘用合同到期','2025-06-20',NULL,'1'),(7,'42090220010901000H','2024-07-01','高校毕业未就业','2024-07-15',NULL,'1'),(8,'42090219700505000I','2024-03-01','企业搬迁','2024-03-10',NULL,'1');
/*!40000 ALTER TABLE `unemployment_registration` ENABLE KEYS */;
UNLOCK TABLES;
/*!40103 SET TIME_ZONE=@OLD_TIME_ZONE */;

/*!40101 SET SQL_MODE=@OLD_SQL_MODE */;
/*!40014 SET FOREIGN_KEY_CHECKS=@OLD_FOREIGN_KEY_CHECKS */;
/*!40014 SET UNIQUE_CHECKS=@OLD_UNIQUE_CHECKS */;
/*!40101 SET CHARACTER_SET_CLIENT=@OLD_CHARACTER_SET_CLIENT */;
/*!40101 SET CHARACTER_SET_RESULTS=@OLD_CHARACTER_SET_RESULTS */;
/*!40101 SET COLLATION_CONNECTION=@OLD_COLLATION_CONNECTION */;
/*!40111 SET SQL_NOTES=@OLD_SQL_NOTES */;

-- Dump completed on 2026-03-25 21:04:37
